{"type":"FeatureCollection","name":"lidar_coverage","note":"NOAA 2022 topobathy lidar, from valid pixels; outside this, elevation is modelled","features":[{"type":"Feature","properties":{"km2":1385.9},"geometry":{"type":"Polygon","coordinates":[[[-156.08976,20.72826],[-156.09077,20.72557],[-156.08885,20.72554],[-156.08793,20.72372],[-156.08906,20.71471],[-156.08622,20.71285],[-156.08427,20.71463],[-156.08322,20.71912],[-156.0813,20.71909],[-156.08123,20.7227],[-156.07931,20.72267],[-156.07855,20.71272],[-156.08141,20.71367],[-156.08433,20.71102],[-156.09101,20.71293],[-156.09012,20.70931],[-156.09492,20.70939],[-156.09785,20.70673],[-156.10259,20.70952],[-156.10931,20.70963],[-156.11021,20.71236],[-156.11213,20.71239],[-156.11126,20.70786],[-156.11605,20.70794],[-156.11607,20.70704],[-156.11797,20.70797],[-156.11991,20.7071],[-156.12082,20.70983],[-156.12272,20.71076],[-156.12282,20.70534],[-156.1247,20.70718],[-156.12481,20.70177],[-156.12292,20.69993],[-156.12489,20.69725],[-156.12496,20.69365],[-156.1288,20.69371],[-156.12979,20.69192],[-156.13457,20.6929],[-156.13749,20.69024],[-156.13753,20.68844],[-156.13943,20.68937],[-156.14424,20.68855],[-156.14419,20.69126],[-156.14515,20.69127],[-156.14518,20.68947],[-156.1471,20.6895],[-156.14907,20.68682],[-156.15099,20.68686],[-156.15191,20.68868],[-156.15387,20.6869],[-156.15481,20.68782],[-156.15674,20.68695],[-156.15671,20.68876],[-156.15957,20.68971],[-156.15863,20.68879],[-156.15962,20.687],[-156.16441,20.68708],[-156.16736,20.68351],[-156.17311,20.68361],[-156.17313,20.68271],[-156.17405,20.68453],[-156.17597,20.68456],[-156.17592,20.68727],[-156.17969,20.69094],[-156.18068,20.68915],[-156.18455,20.68741],[-156.1856,20.68291],[-156.18745,20.68655],[-156.19226,20.68573],[-156.19411,20.68937],[-156.19509,20.68848],[-156.19891,20.68945],[-156.19894,20.68764],[-156.20564,20.68865],[-156.20471,20.68683],[-156.20663,20.68686],[-156.2086,20.68419],[-156.2105,20.68512],[-156.21149,20.68333],[-156.21533,20.68339],[-156.21539,20.67978],[-156.21918,20.68255],[-156.22212,20.67899],[-156.2212,20.67717],[-156.22597,20.67815],[-156.22796,20.67457],[-156.23274,20.67555],[-156.2347,20.67287],[-156.2414,20.67388],[-156.24335,20.67211],[-156.24911,20.6722],[-156.25011,20.66951],[-156.25299,20.66955],[-156.25297,20.67046],[-156.26258,20.66971],[-156.26352,20.67062],[-156.26933,20.66801],[-156.277,20.66813],[-156.28184,20.6655],[-156.29528,20.66481],[-156.30112,20.66038],[-156.303,20.66222],[-156.30588,20.66226],[-156.30681,20.66408],[-156.30783,20.66049],[-156.31163,20.66235],[-156.31166,20.66055],[-156.31454,20.66059],[-156.31553,20.6588],[-156.32129,20.65889],[-156.3221,20.66703],[-156.32688,20.66801],[-156.32885,20.66533],[-156.33749,20.66456],[-156.34042,20.6619],[-156.34903,20.66293],[-156.35102,20.65935],[-156.35196,20.66027],[-156.35389,20.6594],[-156.35493,20.6549],[-156.35983,20.64865],[-156.35891,20.64683],[-156.35603,20.64679],[-156.35604,20.64589],[-156.33691,20.64288],[-156.33693,20.64198],[-156.32259,20.63905],[-156.32261,20.63815],[-156.32068,20.63902],[-156.31302,20.638],[-156.31107,20.63977],[-156.30628,20.6397],[-156.30629,20.6388],[-156.30246,20.63874],[-156.30346,20.63604],[-156.2996,20.63779],[-156.29384,20.6377],[-156.29383,20.6386],[-156.28517,20.64027],[-156.28339,20.63212],[-156.29012,20.63132],[-156.29207,20.62954],[-156.29782,20.62963],[-156.29605,20.62148],[-156.29218,20.62323],[-156.2845,20.62401],[-156.28159,20.62577],[-156.2739,20.62655],[-156.26906,20.62918],[-156.25944,20.63084],[-156.25556,20.63348],[-156.24693,20.63334],[-156.24498,20.63512],[-156.23923,20.63503],[-156.23729,20.6359],[-156.23726,20.6377],[-156.23342,20.63764],[-156.23341,20.63855],[-156.22861,20.63847],[-156.22689,20.62761],[-156.22593,20.62759],[-156.22694,20.6249],[-156.22884,20.62583],[-156.23365,20.62501],[-156.23562,20.62233],[-156.24233,20.62244],[-156.2443,20.61976],[-156.25003,20.62075],[-156.25101,20.61987],[-156.2501,20.61714],[-156.24722,20.6171],[-156.24527,20.61887],[-156.23856,20.61877],[-156.23565,20.62053],[-156.23086,20.62045],[-156.22987,20.62224],[-156.2241,20.62305],[-156.22407,20.62485],[-156.22216,20.62392],[-156.22215,20.62482],[-156.21254,20.62557],[-156.20868,20.62731],[-156.20769,20.6291],[-156.20577,20.62907],[-156.20498,20.62501],[-156.20504,20.625],[-156.2051,20.62494],[-156.20528,20.62498],[-156.20539,20.62494],[-156.20544,20.62489],[-156.20555,20.62491],[-156.20556,20.62474],[-156.2056,20.62472],[-156.20568,20.62474],[-156.20576,20.62485],[-156.20579,20.62485],[-156.20582,20.62479],[-156.20587,20.62479],[-156.20674,20.62501],[-156.20683,20.62508],[-156.20692,20.62511],[-156.20712,20.62511],[-156.20871,20.62551],[-156.20872,20.62503],[-156.20892,20.62498],[-156.20907,20.62501],[-156.20909,20.62494],[-156.20918,20.62488],[-156.20921,20.62472],[-156.20927,20.62472],[-156.20927,20.62461],[-156.20932,20.62462],[-156.20931,20.62466],[-156.20938,20.62467],[-156.20962,20.62462],[-156.2116,20.62465],[-156.21199,20.62395],[-156.21216,20.6239],[-156.21227,20.62383],[-156.21233,20.62373],[-156.21228,20.62364],[-156.21229,20.62361],[-156.21234,20.62364],[-156.21272,20.62351],[-156.21297,20.62337],[-156.21303,20.6232],[-156.21296,20.62309],[-156.213,20.62311],[-156.21302,20.62308],[-156.21309,20.62321],[-156.21324,20.62307],[-156.21343,20.62272],[-156.21416,20.62259],[-156.21444,20.62261],[-156.21452,20.62258],[-156.21457,20.62259],[-156.21459,20.62262],[-156.21504,20.62261],[-156.21513,20.62251],[-156.2152,20.62255],[-156.21541,20.62255],[-156.21562,20.62248],[-156.21556,20.62238],[-156.21557,20.62235],[-156.21564,20.62234],[-156.21565,20.62238],[-156.21573,20.62243],[-156.21593,20.62234],[-156.21594,20.62229],[-156.2161,20.62228],[-156.21619,20.62225],[-156.2174,20.62204],[-156.21812,20.62075],[-156.21821,20.62078],[-156.21823,20.62086],[-156.21832,20.62091],[-156.21849,20.62095],[-156.21856,20.62092],[-156.21859,20.62075],[-156.21857,20.62069],[-156.21861,20.62066],[-156.21847,20.62041],[-156.21847,20.62024],[-156.21851,20.62023],[-156.21852,20.62026],[-156.21858,20.62022],[-156.22024,20.61993],[-156.22035,20.61996],[-156.22038,20.61992],[-156.2205,20.61989],[-156.22048,20.61993],[-156.22054,20.61992],[-156.22055,20.62],[-156.22064,20.62002],[-156.22067,20.61999],[-156.2207,20.62001],[-156.22077,20.61996],[-156.22084,20.61998],[-156.221,20.61992],[-156.22104,20.6199],[-156.22104,20.61986],[-156.22134,20.61978],[-156.22139,20.61973],[-156.22149,20.61972],[-156.22152,20.61974],[-156.22155,20.61971],[-156.22179,20.61967],[-156.22182,20.61969],[-156.22178,20.61971],[-156.2218,20.61974],[-156.22189,20.61973],[-156.22209,20.61968],[-156.22218,20.6196],[-156.2232,20.61942],[-156.2237,20.61769],[-156.22382,20.61753],[-156.2238,20.6175],[-156.22384,20.61742],[-156.22397,20.61725],[-156.22386,20.61711],[-156.22392,20.61692],[-156.22405,20.61697],[-156.22412,20.61696],[-156.22415,20.61692],[-156.22413,20.61688],[-156.22418,20.6169],[-156.2242,20.61682],[-156.22434,20.61673],[-156.22441,20.61673],[-156.22442,20.6167],[-156.22441,20.61662],[-156.22429,20.61638],[-156.22414,20.6162],[-156.2242,20.61593],[-156.22428,20.61607],[-156.22439,20.61607],[-156.22438,20.61603],[-156.22445,20.616],[-156.22455,20.61611],[-156.22459,20.61606],[-156.2247,20.61605],[-156.22474,20.61592],[-156.22492,20.6159],[-156.22495,20.61588],[-156.22492,20.61584],[-156.2251,20.61584],[-156.22519,20.61593],[-156.22518,20.61587],[-156.22529,20.61589],[-156.22531,20.61585],[-156.22555,20.61585],[-156.22559,20.61588],[-156.22578,20.61585],[-156.22583,20.6159],[-156.22587,20.61585],[-156.2271,20.61587],[-156.22785,20.61389],[-156.22791,20.61391],[-156.22795,20.61396],[-156.22796,20.61406],[-156.22795,20.61412],[-156.22787,20.61419],[-156.22795,20.61427],[-156.22804,20.61429],[-156.22817,20.61399],[-156.22817,20.61389],[-156.2282,20.61386],[-156.22821,20.61382],[-156.22817,20.6138],[-156.22821,20.61378],[-156.22817,20.61376],[-156.22833,20.61372],[-156.22839,20.61382],[-156.22846,20.61381],[-156.22854,20.61389],[-156.22855,20.61388],[-156.22859,20.61377],[-156.22856,20.6137],[-156.22857,20.61363],[-156.22855,20.61355],[-156.22846,20.61351],[-156.22837,20.6133],[-156.22848,20.61336],[-156.22854,20.61349],[-156.22852,20.61352],[-156.22858,20.61353],[-156.22859,20.61357],[-156.22863,20.61353],[-156.22863,20.61355],[-156.22872,20.61354],[-156.22885,20.61348],[-156.22866,20.61319],[-156.2289,20.61349],[-156.22894,20.6135],[-156.22893,20.61344],[-156.22897,20.61343],[-156.22895,20.61348],[-156.22901,20.61347],[-156.229,20.6135],[-156.22904,20.61352],[-156.22903,20.61355],[-156.22916,20.61367],[-156.2292,20.61367],[-156.22918,20.6137],[-156.22922,20.61377],[-156.22928,20.61365],[-156.22927,20.6136],[-156.22916,20.61348],[-156.22915,20.61346],[-156.22921,20.61345],[-156.22919,20.61339],[-156.2294,20.61363],[-156.22943,20.6136],[-156.22933,20.61347],[-156.2294,20.61349],[-156.22935,20.61345],[-156.22941,20.61345],[-156.22951,20.61337],[-156.22954,20.61327],[-156.22959,20.61325],[-156.22968,20.61328],[-156.22972,20.61322],[-156.22973,20.61312],[-156.2298,20.61317],[-156.22981,20.61321],[-156.22985,20.61316],[-156.22983,20.61322],[-156.22986,20.6133],[-156.2299,20.61323],[-156.22993,20.61324],[-156.22995,20.61329],[-156.22997,20.61326],[-156.22997,20.61314],[-156.22999,20.61318],[-156.23004,20.61309],[-156.23009,20.61314],[-156.23007,20.61307],[-156.23013,20.61301],[-156.23022,20.61302],[-156.23029,20.61312],[-156.23041,20.61316],[-156.23046,20.61321],[-156.23053,20.61321],[-156.23051,20.61318],[-156.23059,20.61314],[-156.23064,20.61306],[-156.23056,20.61302],[-156.23056,20.61306],[-156.23052,20.61305],[-156.23054,20.61303],[-156.23052,20.61301],[-156.23056,20.61298],[-156.23048,20.61293],[-156.23043,20.61286],[-156.23225,20.6126],[-156.23232,20.61263],[-156.23232,20.61259],[-156.23237,20.61258],[-156.23237,20.61264],[-156.23248,20.61276],[-156.23251,20.61275],[-156.23258,20.61264],[-156.23261,20.61275],[-156.23272,20.61283],[-156.2328,20.61285],[-156.23283,20.61283],[-156.23302,20.61284],[-156.23327,20.61272],[-156.2333,20.61253],[-156.23328,20.61246],[-156.23388,20.61237],[-156.23424,20.61172],[-156.23434,20.61165],[-156.23435,20.61152],[-156.23443,20.61159],[-156.2344,20.6115],[-156.23444,20.6115],[-156.2344,20.61148],[-156.23445,20.61137],[-156.23449,20.61139],[-156.23451,20.61148],[-156.23452,20.61137],[-156.23464,20.61147],[-156.23465,20.61138],[-156.23471,20.61127],[-156.23466,20.61119],[-156.2347,20.6112],[-156.23472,20.61115],[-156.23476,20.61118],[-156.23476,20.61112],[-156.23484,20.61111],[-156.23484,20.61097],[-156.23476,20.61078],[-156.2348,20.61077],[-156.23484,20.61082],[-156.23489,20.61097],[-156.23495,20.61093],[-156.23496,20.61095],[-156.235,20.61094],[-156.23503,20.61096],[-156.23513,20.61085],[-156.23507,20.61075],[-156.23508,20.61071],[-156.23514,20.61071],[-156.23517,20.61091],[-156.23522,20.61091],[-156.23524,20.61086],[-156.2353,20.61095],[-156.23544,20.61096],[-156.23552,20.61113],[-156.23555,20.61099],[-156.2356,20.61102],[-156.23561,20.61096],[-156.23564,20.61096],[-156.23571,20.61105],[-156.23572,20.61119],[-156.23583,20.6112],[-156.23585,20.61113],[-156.23591,20.61122],[-156.23599,20.61117],[-156.23605,20.61119],[-156.23609,20.61125],[-156.2361,20.61137],[-156.23629,20.61148],[-156.23639,20.61147],[-156.23645,20.61142],[-156.23648,20.61135],[-156.23646,20.61125],[-156.23649,20.61122],[-156.23656,20.61122],[-156.23657,20.61118],[-156.23668,20.61124],[-156.2367,20.6113],[-156.23682,20.61141],[-156.23681,20.61134],[-156.23689,20.61131],[-156.23686,20.61125],[-156.23693,20.61129],[-156.23688,20.6112],[-156.23679,20.61114],[-156.23678,20.6111],[-156.23685,20.61116],[-156.2369,20.61115],[-156.2369,20.61119],[-156.23691,20.61118],[-156.23689,20.61109],[-156.237,20.61112],[-156.23708,20.61121],[-156.23714,20.6112],[-156.23715,20.61125],[-156.23725,20.61129],[-156.23727,20.61133],[-156.23734,20.61134],[-156.23739,20.61142],[-156.23726,20.61144],[-156.23725,20.61153],[-156.23735,20.61162],[-156.23752,20.61163],[-156.23759,20.61161],[-156.23761,20.61156],[-156.23776,20.6116],[-156.23782,20.61159],[-156.23781,20.6115],[-156.23773,20.61144],[-156.23776,20.61134],[-156.23789,20.6114],[-156.23794,20.61153],[-156.23802,20.61155],[-156.23808,20.61152],[-156.23806,20.61156],[-156.2381,20.61158],[-156.23811,20.61155],[-156.23824,20.61155],[-156.23821,20.61147],[-156.23823,20.61143],[-156.23832,20.61149],[-156.23836,20.61146],[-156.23869,20.61155],[-156.23869,20.6114],[-156.23878,20.61141],[-156.23903,20.6113],[-156.23901,20.6112],[-156.23895,20.61112],[-156.23896,20.61104],[-156.23888,20.61097],[-156.23895,20.61096],[-156.2389,20.61092],[-156.23891,20.61089],[-156.23887,20.61087],[-156.23895,20.61087],[-156.23899,20.6109],[-156.23903,20.61088],[-156.23898,20.6108],[-156.23896,20.61068],[-156.23887,20.61057],[-156.23903,20.61054],[-156.2392,20.6106],[-156.23925,20.61055],[-156.23933,20.61061],[-156.23932,20.61045],[-156.23929,20.61042],[-156.23905,20.61029],[-156.239,20.61033],[-156.23889,20.61025],[-156.23905,20.61025],[-156.239,20.61023],[-156.23901,20.61015],[-156.23892,20.61008],[-156.23883,20.60995],[-156.23899,20.61007],[-156.23896,20.60996],[-156.23901,20.60994],[-156.23902,20.61],[-156.23907,20.60997],[-156.23896,20.60986],[-156.23896,20.60981],[-156.239,20.60982],[-156.23906,20.60991],[-156.23912,20.60992],[-156.23909,20.60987],[-156.23912,20.60988],[-156.23925,20.61002],[-156.23927,20.60995],[-156.2393,20.60998],[-156.23939,20.60992],[-156.23961,20.60995],[-156.2397,20.61006],[-156.23972,20.61013],[-156.23986,20.6102],[-156.23992,20.60999],[-156.23986,20.60979],[-156.23983,20.60976],[-156.23972,20.60973],[-156.23973,20.60967],[-156.23979,20.6097],[-156.23978,20.60957],[-156.23985,20.60972],[-156.23988,20.60969],[-156.23998,20.60971],[-156.23999,20.60982],[-156.24004,20.60984],[-156.24017,20.60976],[-156.2401,20.60974],[-156.24012,20.60972],[-156.24018,20.60973],[-156.24024,20.6097],[-156.24017,20.60968],[-156.24023,20.60962],[-156.24032,20.60964],[-156.24037,20.6096],[-156.24045,20.60964],[-156.24047,20.60954],[-156.24055,20.60953],[-156.24053,20.6095],[-156.24063,20.6095],[-156.24082,20.60979],[-156.24092,20.60984],[-156.24102,20.60971],[-156.24102,20.60963],[-156.24108,20.60947],[-156.2411,20.60948],[-156.24109,20.60933],[-156.24353,20.60891],[-156.24458,20.60703],[-156.24463,20.6071],[-156.24467,20.60711],[-156.24471,20.60708],[-156.24472,20.60695],[-156.24489,20.60703],[-156.24486,20.60694],[-156.2449,20.60692],[-156.24493,20.60684],[-156.24504,20.60683],[-156.24523,20.60691],[-156.24531,20.60685],[-156.24533,20.60679],[-156.24529,20.60671],[-156.24532,20.60665],[-156.24526,20.60654],[-156.24526,20.60649],[-156.24532,20.60647],[-156.24545,20.60658],[-156.24549,20.60656],[-156.24545,20.60649],[-156.24539,20.60646],[-156.24534,20.60635],[-156.24545,20.60627],[-156.24544,20.60625],[-156.2453,20.60623],[-156.24523,20.60614],[-156.24559,20.60622],[-156.24554,20.60617],[-156.24557,20.60611],[-156.24556,20.60607],[-156.24548,20.60602],[-156.24554,20.60601],[-156.24555,20.60598],[-156.24549,20.60597],[-156.24549,20.60594],[-156.2456,20.60596],[-156.24566,20.60602],[-156.24566,20.60592],[-156.2456,20.60589],[-156.24557,20.60581],[-156.24574,20.60589],[-156.24573,20.60579],[-156.24586,20.60567],[-156.24593,20.60567],[-156.24597,20.60554],[-156.24605,20.60553],[-156.24607,20.6056],[-156.24609,20.60556],[-156.24618,20.60558],[-156.24622,20.60554],[-156.24628,20.60553],[-156.24646,20.60557],[-156.24649,20.6056],[-156.2465,20.60571],[-156.24667,20.60568],[-156.24668,20.60574],[-156.24671,20.60576],[-156.24669,20.60563],[-156.24697,20.6057],[-156.24696,20.6058],[-156.24674,20.60615],[-156.24672,20.60624],[-156.24675,20.60629],[-156.24693,20.60639],[-156.24708,20.60641],[-156.24714,20.6063],[-156.24722,20.60634],[-156.24721,20.60638],[-156.24729,20.6064],[-156.2473,20.60636],[-156.24735,20.60635],[-156.2475,20.60656],[-156.24762,20.60659],[-156.24769,20.60657],[-156.24765,20.60636],[-156.24774,20.60634],[-156.24774,20.60631],[-156.24777,20.60634],[-156.24782,20.60632],[-156.24774,20.60626],[-156.24779,20.60628],[-156.24782,20.60625],[-156.24782,20.60628],[-156.24778,20.60629],[-156.24798,20.60632],[-156.24798,20.60627],[-156.24793,20.60628],[-156.24785,20.60624],[-156.2479,20.60622],[-156.24788,20.60624],[-156.24794,20.60624],[-156.24794,20.60627],[-156.24798,20.60624],[-156.24804,20.60624],[-156.24802,20.60621],[-156.24808,20.60617],[-156.24808,20.60628],[-156.24805,20.60627],[-156.24801,20.6063],[-156.24809,20.60637],[-156.24819,20.60632],[-156.24816,20.60631],[-156.24817,20.60627],[-156.24819,20.60631],[-156.24829,20.60634],[-156.24838,20.60629],[-156.24833,20.6062],[-156.24834,20.60609],[-156.24838,20.60613],[-156.24844,20.60607],[-156.24867,20.60613],[-156.24872,20.6062],[-156.24886,20.60628],[-156.24901,20.60629],[-156.24902,20.60622],[-156.24933,20.6063],[-156.24954,20.60602],[-156.24957,20.60603],[-156.24957,20.60597],[-156.24966,20.60585],[-156.24975,20.60602],[-156.24985,20.60607],[-156.24989,20.60608],[-156.24988,20.60606],[-156.24992,20.60608],[-156.24993,20.60603],[-156.24997,20.60598],[-156.25011,20.60594],[-156.25015,20.60586],[-156.25009,20.60563],[-156.25005,20.60561],[-156.25013,20.60561],[-156.25012,20.60554],[-156.24998,20.60544],[-156.25005,20.60546],[-156.25009,20.60544],[-156.25012,20.60552],[-156.25014,20.60552],[-156.25011,20.60541],[-156.25003,20.60534],[-156.2506,20.60457],[-156.25063,20.60456],[-156.25069,20.6046],[-156.25072,20.60458],[-156.25071,20.60454],[-156.25076,20.60455],[-156.25077,20.60452],[-156.25072,20.60449],[-156.25073,20.60447],[-156.25077,20.60448],[-156.25079,20.60453],[-156.2508,20.60446],[-156.25087,20.60451],[-156.25087,20.60445],[-156.25095,20.60446],[-156.25101,20.60452],[-156.25101,20.60446],[-156.25094,20.60438],[-156.25101,20.60434],[-156.25097,20.60432],[-156.25099,20.60427],[-156.25105,20.60429],[-156.25102,20.60411],[-156.25112,20.60408],[-156.25121,20.6041],[-156.25128,20.60406],[-156.25136,20.60421],[-156.25142,20.60426],[-156.2514,20.60422],[-156.25145,20.60424],[-156.25147,20.60421],[-156.2514,20.60411],[-156.25146,20.60408],[-156.25153,20.60413],[-156.25152,20.60419],[-156.2516,20.60422],[-156.25163,20.6042],[-156.25152,20.60402],[-156.25163,20.60393],[-156.25166,20.60379],[-156.25196,20.60392],[-156.2522,20.60385],[-156.25231,20.60385],[-156.25234,20.60381],[-156.25244,20.60386],[-156.25247,20.60381],[-156.25256,20.60377],[-156.25248,20.60367],[-156.25251,20.60364],[-156.25254,20.60368],[-156.25249,20.6036],[-156.25258,20.60361],[-156.25262,20.60364],[-156.25268,20.6036],[-156.25264,20.60351],[-156.25258,20.60348],[-156.25262,20.60345],[-156.2527,20.60348],[-156.25277,20.60355],[-156.25282,20.60355],[-156.2527,20.60341],[-156.25271,20.60339],[-156.25276,20.60344],[-156.25283,20.60342],[-156.25275,20.60333],[-156.25279,20.6033],[-156.25276,20.60327],[-156.25281,20.6032],[-156.25283,20.60323],[-156.25284,20.60319],[-156.25287,20.60324],[-156.25292,20.60324],[-156.25298,20.60319],[-156.253,20.60322],[-156.25314,20.60321],[-156.25319,20.60315],[-156.25332,20.60326],[-156.25344,20.60326],[-156.25341,20.60311],[-156.25344,20.6031],[-156.25338,20.603],[-156.25346,20.60299],[-156.25344,20.60296],[-156.25352,20.60283],[-156.25359,20.60286],[-156.25358,20.60295],[-156.25354,20.60296],[-156.25356,20.60299],[-156.2536,20.60299],[-156.25361,20.60295],[-156.25362,20.60301],[-156.2536,20.60303],[-156.25364,20.60308],[-156.25364,20.60313],[-156.2537,20.6031],[-156.25374,20.60316],[-156.2538,20.60312],[-156.25382,20.60304],[-156.25396,20.60305],[-156.25402,20.60298],[-156.25406,20.60284],[-156.25402,20.60265],[-156.2541,20.60262],[-156.25415,20.60271],[-156.25416,20.60268],[-156.25413,20.60266],[-156.2542,20.60268],[-156.2542,20.60264],[-156.25428,20.6026],[-156.25426,20.60256],[-156.25443,20.6025],[-156.25447,20.60255],[-156.25462,20.60259],[-156.2546,20.60244],[-156.25534,20.60217],[-156.25552,20.60222],[-156.25556,20.60217],[-156.2557,20.60211],[-156.25572,20.60204],[-156.25612,20.60189],[-156.25684,20.60092],[-156.25695,20.601],[-156.25702,20.60095],[-156.25698,20.60087],[-156.25704,20.60087],[-156.25709,20.6009],[-156.25713,20.60088],[-156.25705,20.60079],[-156.25706,20.60063],[-156.25708,20.60067],[-156.25708,20.60063],[-156.25722,20.60062],[-156.25725,20.60071],[-156.25738,20.60078],[-156.25744,20.60075],[-156.25736,20.60064],[-156.25737,20.60059],[-156.25741,20.60058],[-156.25749,20.60068],[-156.25746,20.6007],[-156.25749,20.60073],[-156.25746,20.60079],[-156.25755,20.60078],[-156.25765,20.60082],[-156.25769,20.60079],[-156.25772,20.60071],[-156.25783,20.60068],[-156.25784,20.60062],[-156.2578,20.60047],[-156.25787,20.6004],[-156.25788,20.60031],[-156.25778,20.60021],[-156.25776,20.60015],[-156.25773,20.60015],[-156.25777,20.60014],[-156.25779,20.60008],[-156.25784,20.60008],[-156.25783,20.60006],[-156.25791,20.60014],[-156.25793,20.60019],[-156.25794,20.60009],[-156.25802,20.60008],[-156.25815,20.59993],[-156.25827,20.59991],[-156.25831,20.59987],[-156.25821,20.59968],[-156.25819,20.59956],[-156.25826,20.59957],[-156.25826,20.59961],[-156.25835,20.59965],[-156.2584,20.59982],[-156.25842,20.59976],[-156.2585,20.59976],[-156.25847,20.59973],[-156.2585,20.59969],[-156.25863,20.59965],[-156.25861,20.59961],[-156.25873,20.59957],[-156.25881,20.59957],[-156.25999,20.60015],[-156.26021,20.59975],[-156.2603,20.59983],[-156.2604,20.59974],[-156.26041,20.59965],[-156.26045,20.5996],[-156.26044,20.59948],[-156.2605,20.59944],[-156.26059,20.59943],[-156.26066,20.59933],[-156.26064,20.5992],[-156.26077,20.59916],[-156.26084,20.59922],[-156.26093,20.59925],[-156.26078,20.59888],[-156.26082,20.59889],[-156.26086,20.59884],[-156.26106,20.59887],[-156.26106,20.59862],[-156.26122,20.59845],[-156.26119,20.59836],[-156.26149,20.59837],[-156.26154,20.59841],[-156.26152,20.59837],[-156.26293,20.59839],[-156.26298,20.59844],[-156.26302,20.59842],[-156.26307,20.59848],[-156.2631,20.59854],[-156.26308,20.59867],[-156.26316,20.59873],[-156.26322,20.59862],[-156.26323,20.59865],[-156.2633,20.59862],[-156.26327,20.59865],[-156.2633,20.59867],[-156.26336,20.59865],[-156.26335,20.59862],[-156.26341,20.59864],[-156.26344,20.59869],[-156.26351,20.59866],[-156.26346,20.59864],[-156.26349,20.59861],[-156.26346,20.59854],[-156.26351,20.59852],[-156.26359,20.59856],[-156.26353,20.5984],[-156.2636,20.5984],[-156.26371,20.5985],[-156.2637,20.59865],[-156.26364,20.59869],[-156.26376,20.59879],[-156.26383,20.59862],[-156.26393,20.59865],[-156.26398,20.59861],[-156.26421,20.59864],[-156.26431,20.59858],[-156.26433,20.59861],[-156.26429,20.59867],[-156.26436,20.59868],[-156.26446,20.5985],[-156.26452,20.59851],[-156.2645,20.59854],[-156.26455,20.59853],[-156.26458,20.59855],[-156.26457,20.59851],[-156.26462,20.5985],[-156.26463,20.59842],[-156.26497,20.59842],[-156.26499,20.59846],[-156.26503,20.59845],[-156.26502,20.59842],[-156.26673,20.59845],[-156.26674,20.59825],[-156.26685,20.59818],[-156.26715,20.59805],[-156.2671,20.59795],[-156.26712,20.59787],[-156.2671,20.59779],[-156.267,20.59774],[-156.26702,20.5977],[-156.26696,20.59765],[-156.26691,20.59748],[-156.26686,20.59744],[-156.26683,20.59737],[-156.26679,20.59737],[-156.26681,20.59736],[-156.26676,20.59733],[-156.26681,20.59734],[-156.2668,20.5973],[-156.26684,20.59729],[-156.2669,20.5972],[-156.26694,20.59721],[-156.26692,20.59716],[-156.26693,20.59714],[-156.26698,20.59713],[-156.26708,20.59717],[-156.26703,20.59711],[-156.26705,20.59708],[-156.26697,20.597],[-156.26702,20.59699],[-156.2671,20.59701],[-156.26718,20.59693],[-156.26716,20.59688],[-156.26721,20.59687],[-156.26727,20.59696],[-156.26727,20.59693],[-156.26738,20.59695],[-156.26729,20.59679],[-156.26733,20.59677],[-156.26735,20.59682],[-156.26739,20.59679],[-156.26746,20.59685],[-156.26758,20.5968],[-156.26762,20.59685],[-156.26768,20.59684],[-156.26772,20.5969],[-156.26779,20.59676],[-156.26784,20.59673],[-156.26797,20.59677],[-156.26795,20.59675],[-156.26797,20.59675],[-156.268,20.59669],[-156.26791,20.59662],[-156.26799,20.5966],[-156.26804,20.59654],[-156.26809,20.59654],[-156.26813,20.59659],[-156.26829,20.59669],[-156.26832,20.5966],[-156.26828,20.59652],[-156.26831,20.5965],[-156.26834,20.59657],[-156.26841,20.59656],[-156.2684,20.59663],[-156.26843,20.59665],[-156.26845,20.59657],[-156.26851,20.59658],[-156.26847,20.59645],[-156.26852,20.59652],[-156.26851,20.59646],[-156.26855,20.59644],[-156.2685,20.59637],[-156.26859,20.59645],[-156.26862,20.59655],[-156.26866,20.59655],[-156.26865,20.59651],[-156.26869,20.59654],[-156.26867,20.5965],[-156.26871,20.59656],[-156.26875,20.59654],[-156.26872,20.59648],[-156.26872,20.5964],[-156.26887,20.5964],[-156.26885,20.59633],[-156.26895,20.59634],[-156.26888,20.59624],[-156.26889,20.59621],[-156.26895,20.59627],[-156.26896,20.59635],[-156.269,20.5963],[-156.26913,20.59638],[-156.2691,20.59633],[-156.26915,20.59636],[-156.26915,20.59632],[-156.26919,20.59632],[-156.26915,20.59625],[-156.26926,20.5962],[-156.26924,20.59617],[-156.26934,20.59616],[-156.26928,20.5961],[-156.26939,20.59606],[-156.26935,20.596],[-156.26938,20.59596],[-156.26943,20.59595],[-156.26944,20.59587],[-156.26948,20.59586],[-156.26959,20.59596],[-156.26959,20.59591],[-156.26951,20.59585],[-156.26954,20.59582],[-156.26968,20.59587],[-156.26986,20.59599],[-156.26982,20.59596],[-156.26986,20.59596],[-156.26981,20.59593],[-156.26992,20.59595],[-156.26982,20.59589],[-156.26981,20.59585],[-156.26986,20.59585],[-156.2699,20.59589],[-156.26986,20.59581],[-156.26991,20.59581],[-156.26985,20.59578],[-156.26992,20.5958],[-156.26996,20.59578],[-156.27,20.59581],[-156.26995,20.59573],[-156.27001,20.59577],[-156.26999,20.5957],[-156.27002,20.59558],[-156.27022,20.59559],[-156.27023,20.59556],[-156.27025,20.59558],[-156.27022,20.59547],[-156.27024,20.59546],[-156.2703,20.59552],[-156.27027,20.59538],[-156.27032,20.59538],[-156.2704,20.59545],[-156.27033,20.59537],[-156.27037,20.59541],[-156.27036,20.59536],[-156.27041,20.59543],[-156.27041,20.59537],[-156.27046,20.59537],[-156.2704,20.59535],[-156.27039,20.59531],[-156.27051,20.59539],[-156.27058,20.59529],[-156.27058,20.59534],[-156.2706,20.59533],[-156.2706,20.59525],[-156.27066,20.5953],[-156.27065,20.59532],[-156.27069,20.59532],[-156.27069,20.59526],[-156.27077,20.59531],[-156.2708,20.59517],[-156.27088,20.59529],[-156.27094,20.59526],[-156.27108,20.59525],[-156.27109,20.5953],[-156.27119,20.59533],[-156.27116,20.59524],[-156.27109,20.59521],[-156.27111,20.59518],[-156.27115,20.59519],[-156.27113,20.5951],[-156.27117,20.59512],[-156.27122,20.59509],[-156.27128,20.5952],[-156.27128,20.59514],[-156.27131,20.59513],[-156.27129,20.59508],[-156.27136,20.5951],[-156.27153,20.59527],[-156.27162,20.5952],[-156.27165,20.59516],[-156.27161,20.59511],[-156.27165,20.59513],[-156.27166,20.59508],[-156.27167,20.59512],[-156.27173,20.59513],[-156.27178,20.5952],[-156.27177,20.59531],[-156.27174,20.59532],[-156.27191,20.59535],[-156.2719,20.59532],[-156.27193,20.59533],[-156.27196,20.59529],[-156.27198,20.59522],[-156.27206,20.59518],[-156.27212,20.59505],[-156.27216,20.59506],[-156.27213,20.59508],[-156.27215,20.59509],[-156.27222,20.59507],[-156.27222,20.59513],[-156.27224,20.59512],[-156.27224,20.59515],[-156.27235,20.59522],[-156.27238,20.59527],[-156.2724,20.59525],[-156.27239,20.59528],[-156.27241,20.5953],[-156.27245,20.59526],[-156.27244,20.59541],[-156.27265,20.5954],[-156.27268,20.59527],[-156.27274,20.59531],[-156.27275,20.59528],[-156.27278,20.59529],[-156.27277,20.59521],[-156.27282,20.59519],[-156.27284,20.59526],[-156.27284,20.59523],[-156.27289,20.59528],[-156.27289,20.59524],[-156.27295,20.5952],[-156.273,20.59527],[-156.27298,20.5952],[-156.27302,20.59511],[-156.27299,20.59508],[-156.27304,20.59508],[-156.27306,20.59499],[-156.27312,20.59505],[-156.27314,20.59501],[-156.27321,20.595],[-156.27314,20.5949],[-156.27319,20.59493],[-156.27327,20.59492],[-156.27317,20.59487],[-156.27316,20.59481],[-156.27318,20.59478],[-156.27325,20.59478],[-156.27321,20.59475],[-156.27322,20.59473],[-156.27327,20.59475],[-156.27335,20.59462],[-156.27339,20.59466],[-156.27343,20.59466],[-156.27339,20.59447],[-156.27357,20.59444],[-156.27361,20.59447],[-156.27365,20.59457],[-156.27365,20.59445],[-156.27369,20.59443],[-156.27372,20.59454],[-156.27375,20.59448],[-156.2738,20.59462],[-156.27385,20.59457],[-156.27386,20.59463],[-156.27389,20.59463],[-156.27389,20.59457],[-156.27391,20.5946],[-156.27397,20.59459],[-156.27397,20.5945],[-156.274,20.59453],[-156.27408,20.5945],[-156.27408,20.59437],[-156.27412,20.59445],[-156.2742,20.59444],[-156.27424,20.59446],[-156.27423,20.59438],[-156.2743,20.59447],[-156.27433,20.59442],[-156.27435,20.59447],[-156.27437,20.5944],[-156.27443,20.59441],[-156.27443,20.59437],[-156.27447,20.59439],[-156.27452,20.59438],[-156.27447,20.59432],[-156.27449,20.5943],[-156.27454,20.59438],[-156.27453,20.59433],[-156.27459,20.59441],[-156.27464,20.59439],[-156.27468,20.59443],[-156.27477,20.59437],[-156.27471,20.59427],[-156.27501,20.59422],[-156.27505,20.59426],[-156.27509,20.59422],[-156.27512,20.59428],[-156.27521,20.59427],[-156.27533,20.59424],[-156.27531,20.59417],[-156.27897,20.59361],[-156.27899,20.59367],[-156.27903,20.59367],[-156.27918,20.59362],[-156.27925,20.59356],[-156.27936,20.59355],[-156.27935,20.59358],[-156.27939,20.59357],[-156.27939,20.5936],[-156.27942,20.5936],[-156.27945,20.59353],[-156.27962,20.59351],[-156.27973,20.59354],[-156.27974,20.59349],[-156.27976,20.59354],[-156.27977,20.59352],[-156.27977,20.59355],[-156.27979,20.59354],[-156.27983,20.59357],[-156.27984,20.59352],[-156.27987,20.59352],[-156.27986,20.59356],[-156.27988,20.59353],[-156.27991,20.59355],[-156.27992,20.59346],[-156.28121,20.59326],[-156.28132,20.5931],[-156.28144,20.59309],[-156.28145,20.59312],[-156.28146,20.59309],[-156.28153,20.59307],[-156.28153,20.59304],[-156.28158,20.59298],[-156.28161,20.59299],[-156.28161,20.59292],[-156.28165,20.5929],[-156.28162,20.59284],[-156.28182,20.59268],[-156.28188,20.59253],[-156.28205,20.59237],[-156.28205,20.59232],[-156.28196,20.59223],[-156.28224,20.59185],[-156.28228,20.59183],[-156.28231,20.59176],[-156.28232,20.59179],[-156.28236,20.59177],[-156.28244,20.59181],[-156.28255,20.5918],[-156.2826,20.59177],[-156.28264,20.59179],[-156.28265,20.59173],[-156.28281,20.59167],[-156.28283,20.59163],[-156.2828,20.59177],[-156.283,20.59179],[-156.28308,20.59165],[-156.28318,20.5916],[-156.28316,20.59156],[-156.28324,20.59149],[-156.28323,20.59145],[-156.28326,20.59145],[-156.28327,20.59139],[-156.28332,20.59138],[-156.28337,20.59131],[-156.28342,20.59133],[-156.28343,20.59128],[-156.28354,20.59129],[-156.28353,20.59125],[-156.28357,20.59126],[-156.28353,20.59117],[-156.28358,20.59117],[-156.2836,20.59113],[-156.28357,20.59109],[-156.28359,20.59108],[-156.28362,20.5911],[-156.28366,20.59108],[-156.28364,20.59102],[-156.28367,20.591],[-156.28364,20.59094],[-156.2835,20.59088],[-156.28352,20.59084],[-156.28357,20.59083],[-156.28347,20.59075],[-156.28362,20.59078],[-156.28358,20.59072],[-156.2836,20.59069],[-156.28356,20.59066],[-156.28358,20.59063],[-156.28363,20.59062],[-156.28364,20.59065],[-156.2836,20.59068],[-156.28364,20.5907],[-156.28367,20.59067],[-156.28366,20.59059],[-156.28376,20.59059],[-156.28374,20.59066],[-156.28372,20.59063],[-156.28372,20.59069],[-156.28378,20.59064],[-156.2838,20.59066],[-156.28387,20.59059],[-156.28427,20.5906],[-156.28429,20.59064],[-156.28432,20.5906],[-156.28509,20.59061],[-156.28528,20.58994],[-156.28536,20.58999],[-156.2853,20.58986],[-156.2857,20.58845],[-156.28575,20.58853],[-156.28585,20.58857],[-156.28586,20.58862],[-156.28617,20.58854],[-156.28626,20.58844],[-156.28626,20.58837],[-156.28618,20.58838],[-156.28616,20.58833],[-156.28608,20.58829],[-156.2861,20.58827],[-156.28615,20.58829],[-156.28622,20.58827],[-156.28621,20.58821],[-156.28625,20.58819],[-156.28622,20.58807],[-156.28633,20.58804],[-156.28628,20.58799],[-156.2863,20.58793],[-156.28626,20.5879],[-156.28633,20.58781],[-156.2863,20.58775],[-156.28639,20.5877],[-156.28634,20.58767],[-156.28631,20.58771],[-156.28627,20.5877],[-156.28619,20.58763],[-156.28617,20.58734],[-156.28622,20.58727],[-156.2863,20.58726],[-156.28631,20.58722],[-156.28639,20.58725],[-156.28644,20.58721],[-156.28651,20.58707],[-156.2866,20.5871],[-156.28662,20.58714],[-156.28668,20.58711],[-156.28673,20.58715],[-156.28681,20.58714],[-156.28684,20.58709],[-156.28697,20.58722],[-156.28702,20.58721],[-156.28706,20.58715],[-156.28716,20.58715],[-156.28711,20.58718],[-156.28712,20.58727],[-156.28728,20.58733],[-156.28731,20.58727],[-156.28734,20.58729],[-156.28743,20.58724],[-156.28762,20.58709],[-156.28763,20.58701],[-156.28756,20.58697],[-156.28758,20.58694],[-156.28771,20.58703],[-156.28769,20.58696],[-156.28775,20.58699],[-156.28782,20.58711],[-156.28789,20.58715],[-156.28796,20.58699],[-156.28801,20.5871],[-156.28809,20.58708],[-156.28811,20.58705],[-156.28809,20.58698],[-156.28802,20.58689],[-156.2881,20.58692],[-156.2881,20.58679],[-156.28825,20.58672],[-156.28823,20.58661],[-156.28825,20.58657],[-156.28838,20.5866],[-156.28842,20.58653],[-156.28849,20.58649],[-156.28851,20.58651],[-156.28859,20.58643],[-156.28863,20.58649],[-156.2887,20.58645],[-156.2888,20.58653],[-156.28878,20.58646],[-156.28881,20.58644],[-156.28891,20.58646],[-156.28893,20.58628],[-156.28901,20.58628],[-156.28907,20.58623],[-156.29574,20.58446],[-156.29624,20.58401],[-156.29628,20.58401],[-156.29633,20.58396],[-156.29637,20.58401],[-156.29635,20.58407],[-156.2964,20.58408],[-156.29645,20.58416],[-156.29648,20.58406],[-156.29655,20.58399],[-156.29658,20.584],[-156.29655,20.58397],[-156.29662,20.58397],[-156.29661,20.58394],[-156.29669,20.58395],[-156.29664,20.58387],[-156.29673,20.58381],[-156.29678,20.58383],[-156.29678,20.58379],[-156.29685,20.58373],[-156.29692,20.58373],[-156.29699,20.58365],[-156.297,20.58358],[-156.29713,20.58356],[-156.29706,20.58346],[-156.29722,20.58346],[-156.29718,20.5834],[-156.29716,20.58341],[-156.29718,20.58343],[-156.29715,20.58343],[-156.29714,20.58337],[-156.29709,20.58338],[-156.29712,20.58329],[-156.29726,20.58326],[-156.2976,20.58336],[-156.29768,20.58335],[-156.29766,20.58327],[-156.29757,20.58319],[-156.29758,20.58316],[-156.29755,20.58317],[-156.29753,20.58311],[-156.2975,20.58313],[-156.29742,20.58307],[-156.29752,20.58301],[-156.29743,20.58299],[-156.29744,20.58296],[-156.29741,20.58296],[-156.29742,20.58293],[-156.29748,20.58294],[-156.29744,20.58291],[-156.29747,20.58289],[-156.29754,20.58292],[-156.29765,20.58285],[-156.29765,20.58288],[-156.29768,20.58286],[-156.29767,20.5829],[-156.29777,20.58293],[-156.29781,20.58291],[-156.29783,20.58285],[-156.29786,20.58287],[-156.29784,20.58288],[-156.29788,20.58288],[-156.29787,20.58284],[-156.29792,20.58286],[-156.29793,20.5829],[-156.29797,20.58286],[-156.29803,20.5829],[-156.29804,20.58287],[-156.29806,20.58288],[-156.29808,20.58283],[-156.29806,20.58282],[-156.29811,20.58281],[-156.29809,20.58279],[-156.29813,20.58275],[-156.29815,20.58276],[-156.29813,20.5828],[-156.29816,20.58281],[-156.2981,20.58283],[-156.29815,20.58283],[-156.29807,20.58288],[-156.2981,20.58294],[-156.29807,20.58296],[-156.29813,20.58297],[-156.29815,20.58301],[-156.29818,20.58297],[-156.29821,20.58304],[-156.29826,20.58299],[-156.29824,20.58296],[-156.29828,20.58289],[-156.29829,20.58294],[-156.29838,20.58299],[-156.29838,20.58306],[-156.29845,20.58308],[-156.29847,20.58311],[-156.29847,20.58308],[-156.29851,20.5831],[-156.29849,20.58312],[-156.29852,20.58311],[-156.29855,20.58317],[-156.29858,20.58315],[-156.29864,20.58318],[-156.29873,20.58327],[-156.29884,20.58318],[-156.29891,20.5832],[-156.29888,20.58316],[-156.29889,20.58311],[-156.29891,20.58314],[-156.29895,20.5831],[-156.299,20.58312],[-156.29901,20.58307],[-156.29905,20.58312],[-156.29908,20.5831],[-156.29909,20.58314],[-156.29934,20.583],[-156.29948,20.58283],[-156.29953,20.58271],[-156.30137,20.58274],[-156.30147,20.58292],[-156.3015,20.58288],[-156.30155,20.58286],[-156.30164,20.58292],[-156.30163,20.58284],[-156.30158,20.58275],[-156.30193,20.58275],[-156.30187,20.58284],[-156.30193,20.5829],[-156.30211,20.58286],[-156.30219,20.58276],[-156.30416,20.58279],[-156.3042,20.58295],[-156.30412,20.58311],[-156.30423,20.58308],[-156.30426,20.58312],[-156.30433,20.58307],[-156.30439,20.58313],[-156.30439,20.58369],[-156.3048,20.58363],[-156.30483,20.5837],[-156.30492,20.58376],[-156.30495,20.58375],[-156.30499,20.58365],[-156.30506,20.58369],[-156.30509,20.58368],[-156.30508,20.58359],[-156.30837,20.58313],[-156.30836,20.58323],[-156.3084,20.58325],[-156.30833,20.58335],[-156.30835,20.58341],[-156.30845,20.58345],[-156.30849,20.58343],[-156.30856,20.5833],[-156.3086,20.58336],[-156.30864,20.5833],[-156.30868,20.58333],[-156.30867,20.58341],[-156.30871,20.58342],[-156.30872,20.58348],[-156.30873,20.58339],[-156.30877,20.58343],[-156.30878,20.58339],[-156.30886,20.58335],[-156.3088,20.58317],[-156.30883,20.58307],[-156.30905,20.58305],[-156.30907,20.58306],[-156.30906,20.5831],[-156.30909,20.58307],[-156.3091,20.58312],[-156.30913,20.58311],[-156.30911,20.58306],[-156.3092,20.58307],[-156.30917,20.58304],[-156.3092,20.58304],[-156.30925,20.5831],[-156.30925,20.58306],[-156.30928,20.58307],[-156.30931,20.58303],[-156.30931,20.58306],[-156.30935,20.58309],[-156.30938,20.58304],[-156.3094,20.58307],[-156.30943,20.58306],[-156.30941,20.58304],[-156.30946,20.58298],[-156.30952,20.58302],[-156.30951,20.58299],[-156.30955,20.58297],[-156.30961,20.58301],[-156.3096,20.58304],[-156.30962,20.58301],[-156.30966,20.58303],[-156.3096,20.58305],[-156.30963,20.58308],[-156.30965,20.58304],[-156.30968,20.58312],[-156.30964,20.58322],[-156.30968,20.58322],[-156.30958,20.58338],[-156.30982,20.5834],[-156.3098,20.58343],[-156.30992,20.58348],[-156.30996,20.58362],[-156.31,20.58364],[-156.30997,20.5837],[-156.31001,20.5837],[-156.31,20.58375],[-156.31008,20.58372],[-156.3101,20.58375],[-156.31014,20.58374],[-156.31014,20.58378],[-156.31027,20.58379],[-156.3104,20.58394],[-156.3107,20.58411],[-156.31081,20.5841],[-156.31089,20.58401],[-156.31088,20.58399],[-156.31094,20.584],[-156.31097,20.58397],[-156.31101,20.58404],[-156.311,20.58408],[-156.31104,20.58409],[-156.31104,20.58401],[-156.31106,20.584],[-156.31104,20.58398],[-156.31109,20.5839],[-156.31112,20.58392],[-156.31113,20.584],[-156.31119,20.58404],[-156.31121,20.58401],[-156.31118,20.58398],[-156.31119,20.58389],[-156.3112,20.58384],[-156.31124,20.58384],[-156.31122,20.5838],[-156.31235,20.58382],[-156.31239,20.58395],[-156.3125,20.58404],[-156.31266,20.5841],[-156.3127,20.58401],[-156.31275,20.58416],[-156.31277,20.58414],[-156.31275,20.58409],[-156.31279,20.58402],[-156.31289,20.58395],[-156.31294,20.58393],[-156.31299,20.58397],[-156.31303,20.58395],[-156.31309,20.58405],[-156.31314,20.58406],[-156.31314,20.58399],[-156.31318,20.58404],[-156.31322,20.58396],[-156.31318,20.58383],[-156.3159,20.58387],[-156.3159,20.5839],[-156.31591,20.58387],[-156.31597,20.58387],[-156.31596,20.58402],[-156.31608,20.58394],[-156.31613,20.58396],[-156.31616,20.58388],[-156.31721,20.58389],[-156.31719,20.58395],[-156.31724,20.584],[-156.31734,20.584],[-156.31736,20.58402],[-156.31742,20.58402],[-156.31749,20.58405],[-156.31758,20.58404],[-156.31759,20.58395],[-156.31763,20.5839],[-156.31784,20.5839],[-156.31788,20.58395],[-156.31796,20.58395],[-156.31798,20.58399],[-156.31801,20.58397],[-156.31803,20.5839],[-156.31806,20.5839],[-156.31805,20.58395],[-156.31825,20.58412],[-156.3182,20.58417],[-156.31822,20.58419],[-156.3182,20.58429],[-156.31833,20.58436],[-156.31834,20.58443],[-156.31847,20.58441],[-156.3185,20.58432],[-156.31876,20.58433],[-156.31875,20.58482],[-156.31941,20.58471],[-156.31941,20.58475],[-156.31949,20.58477],[-156.31955,20.58474],[-156.31958,20.58468],[-156.3198,20.58464],[-156.3198,20.58473],[-156.31984,20.58467],[-156.31993,20.58475],[-156.31994,20.5847],[-156.31997,20.58473],[-156.32,20.58469],[-156.3203,20.58472],[-156.32032,20.58476],[-156.32034,20.58474],[-156.32031,20.58483],[-156.32034,20.58486],[-156.32036,20.58483],[-156.3204,20.58484],[-156.32044,20.58477],[-156.32047,20.58481],[-156.3205,20.58478],[-156.32056,20.58478],[-156.32058,20.58485],[-156.32062,20.58478],[-156.32059,20.58461],[-156.32067,20.58481],[-156.32071,20.58485],[-156.32067,20.58476],[-156.3207,20.58476],[-156.32067,20.58466],[-156.32064,20.58464],[-156.32066,20.58461],[-156.32068,20.58463],[-156.3207,20.58472],[-156.32074,20.58477],[-156.32069,20.58458],[-156.32074,20.58465],[-156.32077,20.58465],[-156.32081,20.58454],[-156.32079,20.58447],[-156.32083,20.58456],[-156.32086,20.58453],[-156.3209,20.58455],[-156.32091,20.58449],[-156.32093,20.58448],[-156.32094,20.58453],[-156.32097,20.5845],[-156.32095,20.58445],[-156.32096,20.58446],[-156.32102,20.58443],[-156.32103,20.58446],[-156.32108,20.58446],[-156.32115,20.5844],[-156.32119,20.58448],[-156.32124,20.58441],[-156.32133,20.58437],[-156.32137,20.58445],[-156.32144,20.58449],[-156.32154,20.5844],[-156.32153,20.58434],[-156.32158,20.58433],[-156.32155,20.58435],[-156.32154,20.58444],[-156.32159,20.58448],[-156.32162,20.58446],[-156.32161,20.58449],[-156.32164,20.58452],[-156.32183,20.58432],[-156.32182,20.58436],[-156.32185,20.58436],[-156.32188,20.58433],[-156.32186,20.5843],[-156.32191,20.58431],[-156.32192,20.58428],[-156.322,20.58446],[-156.32202,20.58438],[-156.32206,20.58436],[-156.32208,20.58446],[-156.32215,20.58449],[-156.3223,20.58448],[-156.32227,20.58452],[-156.32234,20.58451],[-156.32235,20.58453],[-156.32236,20.58451],[-156.32236,20.58455],[-156.32241,20.58454],[-156.32242,20.5845],[-156.32246,20.58447],[-156.32253,20.58455],[-156.32256,20.58447],[-156.32264,20.58446],[-156.32261,20.58428],[-156.32262,20.58415],[-156.32265,20.58415],[-156.32264,20.58422],[-156.32265,20.58418],[-156.32267,20.58419],[-156.32264,20.58429],[-156.32268,20.58425],[-156.32269,20.58428],[-156.32272,20.58427],[-156.32269,20.58422],[-156.32272,20.58417],[-156.32272,20.58422],[-156.32279,20.58417],[-156.32287,20.5842],[-156.32292,20.58417],[-156.3229,20.58422],[-156.32296,20.58424],[-156.32301,20.58419],[-156.32298,20.58416],[-156.32304,20.58419],[-156.32306,20.58416],[-156.32297,20.5841],[-156.323,20.58409],[-156.32309,20.58416],[-156.32308,20.5841],[-156.3231,20.58414],[-156.32313,20.5841],[-156.32312,20.58431],[-156.32319,20.58448],[-156.32328,20.58447],[-156.32326,20.58452],[-156.32329,20.58458],[-156.32339,20.58459],[-156.32347,20.58453],[-156.32352,20.58454],[-156.32348,20.58472],[-156.32353,20.58484],[-156.32357,20.58478],[-156.32364,20.58478],[-156.32368,20.58473],[-156.32368,20.58477],[-156.32372,20.58476],[-156.32378,20.58469],[-156.32377,20.58463],[-156.32382,20.58452],[-156.32384,20.58455],[-156.32389,20.58452],[-156.32386,20.58447],[-156.32389,20.58442],[-156.32392,20.58439],[-156.3239,20.58445],[-156.32393,20.58445],[-156.32396,20.58439],[-156.32395,20.58446],[-156.32398,20.58448],[-156.32403,20.58446],[-156.3245,20.58491],[-156.32499,20.58402],[-156.32499,20.58407],[-156.325,20.58405],[-156.32504,20.58393],[-156.32507,20.58393],[-156.32507,20.58388],[-156.32514,20.58392],[-156.32515,20.58386],[-156.32523,20.58389],[-156.32521,20.5838],[-156.32528,20.58386],[-156.32535,20.58388],[-156.32534,20.58382],[-156.32528,20.58378],[-156.32531,20.58376],[-156.3254,20.58388],[-156.32541,20.58386],[-156.32547,20.5839],[-156.32556,20.58411],[-156.32561,20.58412],[-156.32564,20.58405],[-156.32555,20.58394],[-156.32565,20.58379],[-156.32567,20.58382],[-156.32569,20.5838],[-156.32565,20.58377],[-156.32568,20.58377],[-156.32571,20.58371],[-156.3257,20.58367],[-156.32572,20.58359],[-156.32581,20.58354],[-156.32583,20.58349],[-156.32599,20.58344],[-156.32608,20.58347],[-156.32612,20.58345],[-156.32617,20.58357],[-156.3262,20.58353],[-156.3262,20.58343],[-156.32622,20.58343],[-156.32621,20.58345],[-156.32627,20.5834],[-156.32628,20.58344],[-156.32638,20.58345],[-156.32634,20.58346],[-156.32648,20.58354],[-156.3265,20.58365],[-156.32643,20.5838],[-156.32646,20.58382],[-156.32645,20.58385],[-156.32654,20.58389],[-156.32659,20.58389],[-156.32661,20.58383],[-156.32663,20.58387],[-156.32666,20.58387],[-156.32666,20.58384],[-156.32669,20.58383],[-156.32668,20.58379],[-156.32678,20.58383],[-156.32681,20.58377],[-156.32678,20.58375],[-156.32687,20.58371],[-156.32687,20.58376],[-156.32689,20.5837],[-156.32692,20.58374],[-156.32696,20.58369],[-156.32698,20.58372],[-156.3271,20.58369],[-156.32711,20.58367],[-156.32722,20.58376],[-156.32722,20.58374],[-156.32725,20.58374],[-156.32725,20.5837],[-156.32733,20.58376],[-156.32733,20.58371],[-156.32735,20.58372],[-156.32737,20.58368],[-156.32739,20.58373],[-156.32744,20.58368],[-156.32745,20.58368],[-156.32743,20.58376],[-156.32754,20.58378],[-156.32752,20.58358],[-156.32754,20.58357],[-156.32758,20.5837],[-156.32754,20.5839],[-156.32756,20.58404],[-156.32772,20.58413],[-156.32781,20.58414],[-156.32783,20.58412],[-156.32778,20.5841],[-156.32782,20.58409],[-156.32788,20.58412],[-156.32796,20.5841],[-156.32802,20.58414],[-156.32805,20.58421],[-156.32799,20.58457],[-156.32806,20.58457],[-156.32809,20.58452],[-156.32812,20.58453],[-156.32821,20.58459],[-156.32825,20.58469],[-156.3283,20.5847],[-156.32833,20.58476],[-156.32845,20.58473],[-156.32848,20.5845],[-156.32858,20.58423],[-156.32857,20.58398],[-156.32853,20.58393],[-156.32855,20.58353],[-156.32861,20.58356],[-156.32861,20.58353],[-156.32872,20.58355],[-156.32877,20.58369],[-156.32888,20.58364],[-156.32893,20.58367],[-156.32889,20.58359],[-156.32892,20.58358],[-156.32895,20.58364],[-156.32895,20.58358],[-156.32898,20.58358],[-156.32899,20.58378],[-156.32906,20.5839],[-156.32903,20.58396],[-156.32908,20.58387],[-156.3291,20.58388],[-156.32908,20.5838],[-156.32904,20.58379],[-156.32907,20.58369],[-156.32914,20.58388],[-156.3291,20.5839],[-156.32914,20.58393],[-156.32912,20.58396],[-156.32918,20.58402],[-156.32928,20.58405],[-156.32929,20.58409],[-156.32932,20.58408],[-156.32934,20.584],[-156.32934,20.58409],[-156.32938,20.58405],[-156.32939,20.58411],[-156.32947,20.584],[-156.3295,20.58403],[-156.32956,20.58398],[-156.32962,20.58403],[-156.32966,20.58391],[-156.32974,20.58395],[-156.32976,20.58399],[-156.32971,20.58402],[-156.32979,20.58409],[-156.32984,20.58406],[-156.3299,20.58409],[-156.32994,20.58406],[-156.32997,20.58399],[-156.33005,20.58403],[-156.33007,20.58401],[-156.33012,20.58403],[-156.33012,20.58397],[-156.3302,20.584],[-156.3302,20.58403],[-156.33015,20.58402],[-156.33015,20.58408],[-156.33017,20.58412],[-156.3302,20.58408],[-156.33023,20.58409],[-156.33034,20.58434],[-156.33035,20.58423],[-156.33041,20.58423],[-156.33044,20.58418],[-156.33048,20.58422],[-156.33049,20.58418],[-156.33053,20.58422],[-156.33051,20.58419],[-156.33052,20.58408],[-156.33053,20.58417],[-156.33057,20.58413],[-156.33058,20.58417],[-156.3306,20.58417],[-156.33061,20.58413],[-156.33069,20.58421],[-156.33083,20.58429],[-156.3309,20.58427],[-156.33097,20.58431],[-156.33105,20.58428],[-156.33106,20.58422],[-156.33116,20.58412],[-156.3312,20.58403],[-156.33113,20.58387],[-156.33213,20.584],[-156.33214,20.58403],[-156.33217,20.58401],[-156.33225,20.58402],[-156.33223,20.58405],[-156.33233,20.58403],[-156.33226,20.58407],[-156.33249,20.58421],[-156.33256,20.58416],[-156.33258,20.58418],[-156.33263,20.58416],[-156.33276,20.58418],[-156.33278,20.58409],[-156.33283,20.58413],[-156.33284,20.5841],[-156.33314,20.58414],[-156.33507,20.58327],[-156.3351,20.5832],[-156.33515,20.58324],[-156.33523,20.58325],[-156.33527,20.58321],[-156.33526,20.58315],[-156.33529,20.58314],[-156.33532,20.58317],[-156.33539,20.58316],[-156.33542,20.58308],[-156.33547,20.58305],[-156.33546,20.58302],[-156.33555,20.58303],[-156.33558,20.583],[-156.33559,20.58298],[-156.33551,20.58293],[-156.33549,20.58288],[-156.33534,20.58279],[-156.33535,20.58275],[-156.33529,20.58272],[-156.33529,20.58268],[-156.33536,20.58249],[-156.33545,20.58253],[-156.3355,20.58252],[-156.33554,20.58258],[-156.33568,20.5826],[-156.33563,20.58243],[-156.33559,20.58236],[-156.33559,20.58227],[-156.33549,20.58215],[-156.3359,20.58105],[-156.33599,20.58104],[-156.33595,20.58115],[-156.336,20.58116],[-156.33603,20.58102],[-156.33612,20.5809],[-156.33614,20.58092],[-156.33611,20.58105],[-156.33619,20.58098],[-156.33623,20.581],[-156.33629,20.58096],[-156.33644,20.58092],[-156.33641,20.58086],[-156.33633,20.58088],[-156.33637,20.58084],[-156.33633,20.58082],[-156.33636,20.58077],[-156.33642,20.5808],[-156.33647,20.58078],[-156.33642,20.58076],[-156.33644,20.58073],[-156.33648,20.58074],[-156.33643,20.5807],[-156.33655,20.58071],[-156.33665,20.58079],[-156.33663,20.58084],[-156.33658,20.58081],[-156.33664,20.5809],[-156.33672,20.58091],[-156.33669,20.58107],[-156.33671,20.58119],[-156.33677,20.58131],[-156.33676,20.58137],[-156.33686,20.58127],[-156.33682,20.58125],[-156.33692,20.58122],[-156.33694,20.58131],[-156.33701,20.58128],[-156.33705,20.58137],[-156.3371,20.58136],[-156.33711,20.58138],[-156.33712,20.58143],[-156.33709,20.58146],[-156.33717,20.58147],[-156.33721,20.58132],[-156.33727,20.58132],[-156.3373,20.5813],[-156.3373,20.58101],[-156.33734,20.58101],[-156.33746,20.5809],[-156.33746,20.58085],[-156.33749,20.58086],[-156.33747,20.58084],[-156.3375,20.58079],[-156.33746,20.58079],[-156.33745,20.58075],[-156.33747,20.5807],[-156.33752,20.58068],[-156.33748,20.58066],[-156.33752,20.58066],[-156.33751,20.58062],[-156.33766,20.5806],[-156.33764,20.58061],[-156.33777,20.58066],[-156.33782,20.58064],[-156.33785,20.58071],[-156.33783,20.58073],[-156.33787,20.58074],[-156.33793,20.58083],[-156.33802,20.58083],[-156.33813,20.58092],[-156.33821,20.58089],[-156.3382,20.58092],[-156.33824,20.58093],[-156.33827,20.58102],[-156.33832,20.58103],[-156.33835,20.5811],[-156.33847,20.58106],[-156.33864,20.58091],[-156.33863,20.58085],[-156.33866,20.58083],[-156.33861,20.58076],[-156.33858,20.58078],[-156.33862,20.58074],[-156.33863,20.58065],[-156.33858,20.58069],[-156.33856,20.58064],[-156.33859,20.58066],[-156.33859,20.58063],[-156.33866,20.58062],[-156.33867,20.58067],[-156.33871,20.58061],[-156.3397,20.58063],[-156.33973,20.58063],[-156.33973,20.58069],[-156.33968,20.58073],[-156.33972,20.58082],[-156.33975,20.58081],[-156.33979,20.58099],[-156.33972,20.58109],[-156.33989,20.58118],[-156.33996,20.58117],[-156.33996,20.58112],[-156.34008,20.58106],[-156.34007,20.58104],[-156.34009,20.58104],[-156.34012,20.58096],[-156.34021,20.58096],[-156.34025,20.581],[-156.34033,20.58092],[-156.34042,20.58093],[-156.34041,20.58088],[-156.34052,20.58085],[-156.34044,20.58084],[-156.34046,20.58074],[-156.34055,20.58076],[-156.34064,20.58081],[-156.34055,20.58085],[-156.34054,20.58091],[-156.34055,20.58094],[-156.34067,20.58096],[-156.34059,20.58107],[-156.34075,20.58129],[-156.34073,20.58139],[-156.34068,20.58141],[-156.34062,20.58137],[-156.34062,20.58139],[-156.34073,20.58159],[-156.34076,20.58182],[-156.34074,20.58194],[-156.34099,20.58223],[-156.34126,20.58215],[-156.34131,20.58216],[-156.34134,20.58221],[-156.34129,20.58251],[-156.34125,20.5826],[-156.34132,20.58279],[-156.34139,20.58288],[-156.34133,20.58315],[-156.3414,20.58325],[-156.34144,20.58325],[-156.34148,20.58323],[-156.3415,20.58329],[-156.34154,20.58325],[-156.34156,20.58327],[-156.34162,20.58321],[-156.34173,20.58321],[-156.34176,20.58329],[-156.3417,20.58342],[-156.34175,20.58351],[-156.34179,20.5835],[-156.34175,20.58356],[-156.34179,20.58355],[-156.34178,20.58361],[-156.34181,20.58359],[-156.34182,20.58362],[-156.34199,20.58362],[-156.34204,20.58354],[-156.34212,20.58355],[-156.34213,20.58352],[-156.34209,20.5835],[-156.34212,20.58347],[-156.34215,20.58351],[-156.34217,20.58349],[-156.34214,20.58346],[-156.34218,20.58346],[-156.34219,20.5835],[-156.34222,20.58348],[-156.34216,20.5836],[-156.34219,20.58363],[-156.34224,20.58359],[-156.34224,20.58362],[-156.34227,20.58361],[-156.34221,20.5837],[-156.34218,20.58381],[-156.34225,20.58388],[-156.3423,20.58387],[-156.3423,20.58391],[-156.3424,20.58387],[-156.34242,20.58394],[-156.34247,20.58395],[-156.34247,20.58392],[-156.34253,20.58392],[-156.34254,20.58388],[-156.34253,20.5838],[-156.34258,20.58386],[-156.34259,20.58375],[-156.34264,20.58378],[-156.3427,20.5837],[-156.3427,20.5838],[-156.34273,20.58382],[-156.34278,20.58366],[-156.3428,20.58379],[-156.34289,20.58375],[-156.34295,20.58378],[-156.34303,20.58389],[-156.34302,20.58392],[-156.34301,20.58389],[-156.34293,20.58392],[-156.34293,20.58396],[-156.34288,20.58399],[-156.34289,20.58405],[-156.34294,20.58403],[-156.34306,20.58413],[-156.3431,20.58412],[-156.34312,20.5841],[-156.3431,20.58402],[-156.34315,20.58403],[-156.34318,20.58397],[-156.34313,20.58384],[-156.34317,20.58381],[-156.34319,20.58361],[-156.34323,20.58363],[-156.34323,20.58359],[-156.34328,20.5836],[-156.34329,20.58353],[-156.34337,20.58345],[-156.3434,20.5835],[-156.34341,20.58339],[-156.34348,20.58339],[-156.3435,20.58345],[-156.34361,20.5834],[-156.34364,20.58346],[-156.34365,20.5834],[-156.34367,20.58348],[-156.3437,20.5835],[-156.34373,20.58348],[-156.34375,20.58353],[-156.34379,20.58349],[-156.34376,20.58347],[-156.34377,20.5834],[-156.34384,20.58344],[-156.34384,20.5834],[-156.34387,20.58343],[-156.34392,20.5834],[-156.34464,20.58341],[-156.34466,20.58347],[-156.3446,20.58363],[-156.34476,20.58373],[-156.34477,20.58377],[-156.34483,20.58378],[-156.34485,20.58365],[-156.34496,20.5836],[-156.34494,20.58359],[-156.34499,20.58355],[-156.34498,20.58347],[-156.3451,20.58354],[-156.34513,20.58354],[-156.34512,20.58361],[-156.34517,20.58367],[-156.34525,20.58362],[-156.34535,20.58342],[-156.34611,20.58343],[-156.34607,20.58352],[-156.34611,20.58349],[-156.34609,20.58355],[-156.3462,20.58358],[-156.3462,20.58362],[-156.34627,20.58363],[-156.34641,20.58357],[-156.34646,20.58359],[-156.34648,20.58363],[-156.34644,20.58363],[-156.3464,20.58368],[-156.34638,20.58372],[-156.34641,20.58372],[-156.34641,20.58376],[-156.34646,20.58373],[-156.34658,20.58379],[-156.34663,20.58377],[-156.34672,20.58397],[-156.34669,20.58375],[-156.34673,20.5839],[-156.34679,20.58389],[-156.34681,20.58392],[-156.34684,20.58389],[-156.34693,20.58388],[-156.34689,20.58376],[-156.34698,20.58386],[-156.34701,20.58384],[-156.34703,20.58387],[-156.34703,20.58384],[-156.34707,20.58384],[-156.34705,20.58383],[-156.34708,20.5838],[-156.34713,20.58385],[-156.34715,20.58381],[-156.34712,20.58356],[-156.34715,20.58359],[-156.34714,20.58355],[-156.34722,20.58357],[-156.34721,20.58355],[-156.34724,20.58353],[-156.34728,20.58356],[-156.34737,20.58352],[-156.34741,20.58356],[-156.34744,20.58354],[-156.34744,20.58359],[-156.34749,20.58363],[-156.34753,20.58363],[-156.34752,20.58361],[-156.34756,20.58363],[-156.34758,20.58358],[-156.34759,20.58361],[-156.34766,20.58363],[-156.3477,20.58359],[-156.3477,20.58346],[-156.34837,20.58347],[-156.34839,20.5835],[-156.3485,20.5835],[-156.34866,20.58366],[-156.34877,20.58369],[-156.34882,20.58365],[-156.34885,20.5837],[-156.34892,20.58358],[-156.34892,20.58348],[-156.34897,20.58348],[-156.34903,20.58357],[-156.34906,20.58353],[-156.34911,20.58348],[-156.34912,20.58348],[-156.34907,20.58356],[-156.34911,20.58356],[-156.34911,20.58362],[-156.34921,20.58365],[-156.34923,20.58373],[-156.34926,20.58375],[-156.34932,20.58367],[-156.3493,20.5836],[-156.34971,20.58354],[-156.34972,20.5835],[-156.34979,20.58348],[-156.34979,20.58345],[-156.34986,20.58345],[-156.34991,20.58339],[-156.34999,20.58338],[-156.35,20.58322],[-156.34993,20.58307],[-156.34995,20.58302],[-156.34998,20.58301],[-156.34991,20.58294],[-156.34993,20.58288],[-156.34981,20.58294],[-156.34981,20.58289],[-156.34974,20.58285],[-156.34972,20.58276],[-156.35012,20.58169],[-156.35019,20.58178],[-156.35028,20.58179],[-156.35038,20.58187],[-156.35051,20.58188],[-156.3505,20.58186],[-156.35045,20.58185],[-156.35045,20.58179],[-156.35032,20.58174],[-156.35026,20.58159],[-156.35032,20.58142],[-156.35028,20.58126],[-156.35046,20.58079],[-156.35132,20.58081],[-156.35136,20.58103],[-156.35144,20.58104],[-156.35141,20.58104],[-156.3514,20.58108],[-156.35145,20.58113],[-156.35153,20.58103],[-156.35157,20.5809],[-156.35163,20.58084],[-156.35174,20.58093],[-156.35169,20.58081],[-156.35236,20.58082],[-156.35238,20.58102],[-156.35238,20.58097],[-156.35244,20.58091],[-156.35241,20.58116],[-156.35244,20.58119],[-156.35252,20.58114],[-156.35258,20.581],[-156.35266,20.58096],[-156.35269,20.5809],[-156.35298,20.58083],[-156.35326,20.58084],[-156.35335,20.58089],[-156.35336,20.58086],[-156.35332,20.58084],[-156.35421,20.58085],[-156.35423,20.58093],[-156.35427,20.58094],[-156.35434,20.58085],[-156.35442,20.58085],[-156.35445,20.58091],[-156.35452,20.58085],[-156.35525,20.58087],[-156.35582,20.58009],[-156.35594,20.58013],[-156.35609,20.58006],[-156.3561,20.57993],[-156.35607,20.57981],[-156.35609,20.57977],[-156.35614,20.57978],[-156.35613,20.5798],[-156.35623,20.5799],[-156.35631,20.57986],[-156.3564,20.57988],[-156.35661,20.57978],[-156.35662,20.57968],[-156.3567,20.5796],[-156.35666,20.57961],[-156.35659,20.57957],[-156.35674,20.57952],[-156.35655,20.57947],[-156.35651,20.57943],[-156.35661,20.57942],[-156.35674,20.57949],[-156.35687,20.57947],[-156.35689,20.57936],[-156.35694,20.57934],[-156.35687,20.57925],[-156.35694,20.5792],[-156.35694,20.57915],[-156.35689,20.5792],[-156.35682,20.57917],[-156.35683,20.57911],[-156.35678,20.57906],[-156.35678,20.57902],[-156.35687,20.579],[-156.35687,20.57904],[-156.35684,20.57904],[-156.35686,20.5791],[-156.35688,20.57909],[-156.3569,20.57912],[-156.35696,20.57901],[-156.35692,20.57902],[-156.35691,20.57893],[-156.35684,20.57882],[-156.35685,20.57876],[-156.35681,20.57874],[-156.35687,20.57867],[-156.35696,20.57869],[-156.35705,20.57889],[-156.35713,20.57885],[-156.35708,20.57883],[-156.35711,20.57881],[-156.35703,20.57881],[-156.35714,20.57877],[-156.35718,20.57879],[-156.35717,20.57876],[-156.35722,20.57875],[-156.35715,20.57856],[-156.35715,20.57852],[-156.35711,20.57853],[-156.35712,20.57848],[-156.3571,20.57847],[-156.35709,20.57852],[-156.35706,20.57852],[-156.35704,20.57848],[-156.35704,20.57842],[-156.35712,20.57831],[-156.35722,20.57843],[-156.35726,20.57844],[-156.35718,20.57845],[-156.35741,20.57847],[-156.35742,20.57851],[-156.35736,20.57852],[-156.35742,20.57858],[-156.35744,20.57858],[-156.35741,20.57853],[-156.35744,20.57851],[-156.35762,20.57859],[-156.35768,20.57858],[-156.35766,20.57861],[-156.3577,20.57861],[-156.35773,20.57876],[-156.35792,20.57877],[-156.35793,20.57865],[-156.35798,20.57856],[-156.358,20.57843],[-156.358,20.5784],[-156.35796,20.57842],[-156.35798,20.57831],[-156.35804,20.57827],[-156.35811,20.57816],[-156.35819,20.57814],[-156.3582,20.5781],[-156.35912,20.57802],[-156.35917,20.57818],[-156.35907,20.57828],[-156.35906,20.57837],[-156.35913,20.57849],[-156.35925,20.57857],[-156.35937,20.57852],[-156.35954,20.57849],[-156.35956,20.57844],[-156.35971,20.57847],[-156.35966,20.57843],[-156.35972,20.5784],[-156.3597,20.57832],[-156.35973,20.57833],[-156.35973,20.57831],[-156.35977,20.57832],[-156.35978,20.57837],[-156.35983,20.57834],[-156.35982,20.57831],[-156.35984,20.57832],[-156.35987,20.57835],[-156.35982,20.57836],[-156.35985,20.57839],[-156.35996,20.57834],[-156.36001,20.57825],[-156.36014,20.57824],[-156.36019,20.5783],[-156.36028,20.57831],[-156.36036,20.57821],[-156.36062,20.57842],[-156.36059,20.57844],[-156.36062,20.57852],[-156.36079,20.57862],[-156.36083,20.57859],[-156.36084,20.57853],[-156.36079,20.57826],[-156.36082,20.57823],[-156.36093,20.57829],[-156.36101,20.57824],[-156.36101,20.57814],[-156.36085,20.57792],[-156.36088,20.57786],[-156.361,20.57785],[-156.36105,20.57806],[-156.36113,20.5782],[-156.36126,20.57823],[-156.36125,20.57819],[-156.36129,20.57816],[-156.36131,20.57837],[-156.36135,20.57845],[-156.36139,20.5784],[-156.36134,20.57832],[-156.36133,20.57818],[-156.36152,20.57802],[-156.3616,20.57789],[-156.36166,20.57817],[-156.36177,20.5781],[-156.36176,20.57807],[-156.3618,20.57809],[-156.36187,20.57803],[-156.3619,20.57797],[-156.36189,20.57789],[-156.36194,20.57786],[-156.36222,20.57809],[-156.36229,20.5781],[-156.36238,20.57807],[-156.3624,20.57799],[-156.36236,20.57791],[-156.36239,20.57786],[-156.36249,20.57783],[-156.36252,20.57787],[-156.36258,20.57784],[-156.36246,20.57772],[-156.36386,20.57759],[-156.36387,20.57762],[-156.36382,20.57767],[-156.36386,20.57772],[-156.36392,20.57759],[-156.36498,20.57749],[-156.36502,20.5776],[-156.36515,20.57764],[-156.36528,20.5775],[-156.36538,20.57746],[-156.36552,20.57758],[-156.36569,20.57743],[-156.36586,20.57742],[-156.36626,20.5772],[-156.36629,20.57722],[-156.3663,20.57718],[-156.36872,20.57586],[-156.36906,20.57597],[-156.3693,20.57585],[-156.36932,20.5759],[-156.36936,20.5759],[-156.36941,20.57594],[-156.36948,20.57594],[-156.36955,20.57589],[-156.36963,20.5759],[-156.36968,20.57597],[-156.36964,20.57602],[-156.3697,20.57603],[-156.36985,20.57632],[-156.3699,20.57636],[-156.37,20.57636],[-156.37002,20.5764],[-156.37003,20.57638],[-156.37005,20.57646],[-156.37007,20.57634],[-156.36993,20.57629],[-156.36987,20.57609],[-156.36989,20.57603],[-156.36995,20.57602],[-156.36995,20.57598],[-156.37007,20.57586],[-156.3701,20.57591],[-156.37006,20.57603],[-156.37012,20.57608],[-156.37009,20.57597],[-156.37018,20.57584],[-156.37022,20.57583],[-156.37018,20.57589],[-156.37023,20.57585],[-156.37023,20.57588],[-156.37038,20.5758],[-156.37041,20.57581],[-156.3704,20.57584],[-156.37048,20.57585],[-156.37048,20.57579],[-156.37054,20.57578],[-156.37059,20.57583],[-156.37058,20.57586],[-156.37062,20.57587],[-156.3706,20.57603],[-156.37068,20.57607],[-156.37076,20.57616],[-156.37083,20.57613],[-156.37091,20.57606],[-156.37082,20.57603],[-156.37087,20.57603],[-156.37086,20.57595],[-156.37088,20.57591],[-156.37094,20.57587],[-156.37102,20.57589],[-156.37104,20.57585],[-156.37097,20.57552],[-156.37101,20.5753],[-156.37095,20.57526],[-156.371,20.5752],[-156.37104,20.57519],[-156.37101,20.57519],[-156.37105,20.57514],[-156.37118,20.57514],[-156.37122,20.5751],[-156.37132,20.57508],[-156.3713,20.57507],[-156.37159,20.57511],[-156.37156,20.57508],[-156.37136,20.57502],[-156.37124,20.57504],[-156.37103,20.57512],[-156.37098,20.57511],[-156.37095,20.57505],[-156.37106,20.57499],[-156.37105,20.57502],[-156.37109,20.57503],[-156.37101,20.57506],[-156.37118,20.57504],[-156.37113,20.57501],[-156.37118,20.57502],[-156.37125,20.57497],[-156.37131,20.57498],[-156.37138,20.57494],[-156.37155,20.57497],[-156.37159,20.57501],[-156.37172,20.57499],[-156.37182,20.57505],[-156.37207,20.57508],[-156.37214,20.57519],[-156.37217,20.57519],[-156.37216,20.57514],[-156.37206,20.57503],[-156.37207,20.57501],[-156.3721,20.57501],[-156.37226,20.57525],[-156.37221,20.57546],[-156.37223,20.57555],[-156.37218,20.57555],[-156.37216,20.57561],[-156.37219,20.57568],[-156.37226,20.57575],[-156.37225,20.57561],[-156.37237,20.5756],[-156.37254,20.57542],[-156.37262,20.57543],[-156.37259,20.57552],[-156.37271,20.57555],[-156.37278,20.57552],[-156.37286,20.5756],[-156.37289,20.5756],[-156.37292,20.57563],[-156.37291,20.57567],[-156.37294,20.57566],[-156.37299,20.57576],[-156.37316,20.57573],[-156.37309,20.57566],[-156.37314,20.57561],[-156.37322,20.57571],[-156.37329,20.5757],[-156.37317,20.57575],[-156.37317,20.57577],[-156.3734,20.57573],[-156.37345,20.57567],[-156.37347,20.57555],[-156.37346,20.57543],[-156.37338,20.57529],[-156.37342,20.57519],[-156.37395,20.57528],[-156.3739,20.57531],[-156.37375,20.57567],[-156.37382,20.57562],[-156.37384,20.57556],[-156.37384,20.57574],[-156.37399,20.57573],[-156.374,20.57554],[-156.37407,20.57553],[-156.37406,20.57561],[-156.37411,20.5757],[-156.37405,20.57581],[-156.374,20.57584],[-156.37401,20.5759],[-156.37416,20.57587],[-156.37423,20.5759],[-156.37437,20.57587],[-156.37436,20.57577],[-156.37439,20.57575],[-156.37436,20.57571],[-156.37439,20.57566],[-156.37455,20.57559],[-156.37459,20.57537],[-156.37492,20.57542],[-156.37493,20.57572],[-156.37501,20.57572],[-156.37505,20.57567],[-156.37509,20.57567],[-156.37509,20.57573],[-156.37498,20.57587],[-156.37503,20.57594],[-156.37515,20.57588],[-156.37524,20.57578],[-156.37522,20.57566],[-156.37527,20.57564],[-156.37534,20.57568],[-156.37535,20.5756],[-156.3754,20.57555],[-156.37543,20.57556],[-156.37544,20.57561],[-156.3754,20.57572],[-156.37523,20.57585],[-156.37523,20.57589],[-156.37529,20.57589],[-156.3754,20.5758],[-156.37545,20.57573],[-156.37548,20.57555],[-156.37546,20.5755],[-156.37586,20.57556],[-156.37592,20.57561],[-156.37596,20.57557],[-156.3763,20.57562],[-156.37633,20.57574],[-156.37628,20.57591],[-156.37639,20.57597],[-156.3764,20.57593],[-156.37651,20.57589],[-156.37654,20.5758],[-156.37661,20.57575],[-156.37665,20.57567],[-156.37677,20.57569],[-156.37675,20.57575],[-156.37669,20.57571],[-156.37664,20.57572],[-156.37662,20.57579],[-156.37666,20.57581],[-156.37668,20.57591],[-156.37668,20.57618],[-156.37682,20.5763],[-156.37687,20.57627],[-156.37694,20.57626],[-156.37697,20.57629],[-156.37703,20.57626],[-156.37706,20.57631],[-156.37704,20.57634],[-156.37709,20.57635],[-156.37718,20.57629],[-156.37723,20.57631],[-156.37722,20.57636],[-156.37726,20.57637],[-156.37736,20.5763],[-156.37736,20.57626],[-156.37727,20.5762],[-156.37722,20.57629],[-156.37718,20.57628],[-156.37716,20.57613],[-156.37721,20.5761],[-156.37733,20.57613],[-156.3775,20.57595],[-156.37758,20.57606],[-156.37748,20.57614],[-156.37747,20.57633],[-156.3775,20.57633],[-156.37755,20.57628],[-156.37761,20.57644],[-156.3776,20.57659],[-156.37751,20.57673],[-156.37735,20.57687],[-156.37721,20.57684],[-156.37725,20.57688],[-156.37731,20.5769],[-156.37766,20.57676],[-156.37775,20.57676],[-156.37782,20.5768],[-156.37781,20.57685],[-156.37773,20.57691],[-156.37774,20.57694],[-156.37768,20.57695],[-156.37765,20.57703],[-156.37774,20.57704],[-156.37776,20.57694],[-156.37778,20.57695],[-156.37779,20.57703],[-156.37785,20.57701],[-156.37788,20.57709],[-156.37793,20.5771],[-156.37792,20.57715],[-156.37806,20.57723],[-156.37808,20.57718],[-156.37811,20.57729],[-156.37814,20.57727],[-156.37817,20.57733],[-156.37819,20.57741],[-156.37824,20.57744],[-156.37836,20.5776],[-156.37831,20.5776],[-156.37828,20.57765],[-156.37832,20.57764],[-156.37833,20.57767],[-156.37842,20.57773],[-156.37846,20.57784],[-156.37854,20.57786],[-156.37854,20.57799],[-156.37847,20.57801],[-156.37853,20.57803],[-156.37847,20.57807],[-156.3785,20.57806],[-156.37849,20.57811],[-156.37856,20.57819],[-156.37864,20.57819],[-156.37866,20.57812],[-156.37876,20.5781],[-156.37872,20.57822],[-156.3788,20.57813],[-156.37877,20.57823],[-156.37879,20.57826],[-156.37879,20.5782],[-156.37888,20.57811],[-156.37885,20.57807],[-156.37891,20.5781],[-156.37894,20.57805],[-156.37926,20.57852],[-156.38031,20.57854],[-156.38032,20.57858],[-156.38036,20.57856],[-156.38035,20.57854],[-156.38052,20.57854],[-156.38061,20.57861],[-156.38062,20.57854],[-156.38065,20.57854],[-156.38065,20.57862],[-156.3807,20.57864],[-156.38075,20.57862],[-156.38071,20.57854],[-156.38141,20.57856],[-156.38147,20.57859],[-156.38153,20.57876],[-156.38169,20.57885],[-156.38198,20.5788],[-156.382,20.57884],[-156.38202,20.57879],[-156.38207,20.57877],[-156.38221,20.57878],[-156.38224,20.57891],[-156.3823,20.5789],[-156.38306,20.58039],[-156.38341,20.58039],[-156.38346,20.58047],[-156.38346,20.58054],[-156.38357,20.58067],[-156.38372,20.58076],[-156.38371,20.58073],[-156.38377,20.58075],[-156.38381,20.58073],[-156.38375,20.58086],[-156.3839,20.58107],[-156.38388,20.58114],[-156.38392,20.58117],[-156.38422,20.58115],[-156.38415,20.58102],[-156.38413,20.581],[-156.38413,20.58109],[-156.38409,20.581],[-156.38408,20.58092],[-156.38412,20.58084],[-156.38415,20.581],[-156.38417,20.58099],[-156.38418,20.5809],[-156.38423,20.58104],[-156.38428,20.58104],[-156.38426,20.581],[-156.3843,20.58087],[-156.38436,20.58096],[-156.38433,20.58103],[-156.38437,20.58105],[-156.3844,20.58094],[-156.38443,20.58097],[-156.38441,20.58088],[-156.38446,20.58082],[-156.38448,20.58072],[-156.38455,20.58069],[-156.38458,20.58072],[-156.3846,20.58069],[-156.38465,20.58073],[-156.38462,20.58064],[-156.38465,20.58067],[-156.38472,20.58066],[-156.38475,20.58077],[-156.38482,20.58066],[-156.38478,20.5806],[-156.3848,20.58049],[-156.38482,20.58048],[-156.38487,20.58056],[-156.38487,20.58052],[-156.38492,20.58053],[-156.38492,20.58047],[-156.38495,20.58055],[-156.38503,20.58053],[-156.38497,20.58042],[-156.38594,20.58043],[-156.38594,20.58032],[-156.38601,20.58025],[-156.38594,20.58016],[-156.38595,20.5799],[-156.38598,20.57988],[-156.38599,20.57992],[-156.38601,20.57986],[-156.38612,20.57978],[-156.38615,20.57979],[-156.38608,20.57986],[-156.38612,20.57987],[-156.38619,20.57979],[-156.38619,20.57982],[-156.38623,20.57981],[-156.38621,20.57978],[-156.38625,20.57974],[-156.38628,20.57976],[-156.38625,20.57978],[-156.38627,20.57978],[-156.38626,20.57981],[-156.38629,20.57982],[-156.38632,20.57979],[-156.38637,20.57984],[-156.38634,20.57987],[-156.38636,20.57988],[-156.38648,20.57991],[-156.38645,20.57993],[-156.38656,20.57994],[-156.38659,20.57997],[-156.38664,20.57997],[-156.38663,20.57992],[-156.38668,20.57996],[-156.3867,20.57994],[-156.38666,20.57988],[-156.38663,20.57989],[-156.38666,20.57987],[-156.38665,20.57984],[-156.38669,20.57985],[-156.38667,20.57989],[-156.38671,20.57992],[-156.38671,20.57989],[-156.38677,20.57987],[-156.38681,20.5799],[-156.38682,20.57985],[-156.38683,20.5798],[-156.38679,20.5798],[-156.3868,20.57976],[-156.38676,20.57975],[-156.3868,20.57974],[-156.38679,20.57971],[-156.38682,20.57967],[-156.38675,20.5797],[-156.38676,20.57967],[-156.38669,20.57969],[-156.38664,20.57967],[-156.38682,20.57966],[-156.38676,20.57962],[-156.38773,20.57974],[-156.38768,20.57984],[-156.38769,20.57989],[-156.38782,20.57995],[-156.38818,20.58],[-156.38826,20.58004],[-156.38833,20.58004],[-156.38835,20.57998],[-156.38843,20.57994],[-156.38849,20.57987],[-156.38851,20.57988],[-156.38859,20.57984],[-156.38882,20.57987],[-156.38888,20.5799],[-156.38895,20.57989],[-156.39394,20.58048],[-156.39403,20.58052],[-156.39419,20.58051],[-156.39456,20.58056],[-156.39494,20.58022],[-156.39503,20.58022],[-156.395,20.58016],[-156.39502,20.58014],[-156.39506,20.58019],[-156.39508,20.58009],[-156.39516,20.58002],[-156.39516,20.58006],[-156.39512,20.5801],[-156.39516,20.5801],[-156.39517,20.58014],[-156.3952,20.5801],[-156.39518,20.58005],[-156.39524,20.58004],[-156.39525,20.58007],[-156.39531,20.58005],[-156.39527,20.58018],[-156.39521,20.58017],[-156.39523,20.58023],[-156.39525,20.58021],[-156.39525,20.58023],[-156.39565,20.58027],[-156.39573,20.58026],[-156.39578,20.58023],[-156.39582,20.5803],[-156.39587,20.58031],[-156.39647,20.58149],[-156.39739,20.58151],[-156.39741,20.58156],[-156.39749,20.58158],[-156.39753,20.58181],[-156.39755,20.58182],[-156.39757,20.58175],[-156.39761,20.5818],[-156.39768,20.58182],[-156.39764,20.58186],[-156.39767,20.5819],[-156.39762,20.58193],[-156.39756,20.58188],[-156.39754,20.58191],[-156.3976,20.58194],[-156.39758,20.58198],[-156.39765,20.5821],[-156.39778,20.58215],[-156.39809,20.58214],[-156.39823,20.58209],[-156.39828,20.58203],[-156.39826,20.58184],[-156.39834,20.5818],[-156.39841,20.58171],[-156.39851,20.58164],[-156.39855,20.58164],[-156.39856,20.58168],[-156.3988,20.58163],[-156.39869,20.58148],[-156.39864,20.58129],[-156.40105,20.57909],[-156.40111,20.57913],[-156.40124,20.57935],[-156.40135,20.57939],[-156.40137,20.57946],[-156.40144,20.5795],[-156.40149,20.57979],[-156.40142,20.57991],[-156.4014,20.58],[-156.40151,20.5801],[-156.40172,20.58012],[-156.40179,20.58007],[-156.40185,20.57996],[-156.40203,20.57988],[-156.40211,20.57987],[-156.40215,20.57983],[-156.4022,20.57985],[-156.40224,20.57982],[-156.40222,20.57979],[-156.4023,20.57974],[-156.40241,20.57976],[-156.40239,20.57973],[-156.40241,20.57972],[-156.40248,20.57976],[-156.40249,20.57986],[-156.4026,20.57988],[-156.40259,20.58005],[-156.40262,20.58003],[-156.40262,20.57997],[-156.4027,20.57994],[-156.40278,20.58001],[-156.4027,20.58006],[-156.40287,20.5801],[-156.40279,20.58017],[-156.40285,20.58018],[-156.40289,20.58026],[-156.40287,20.58036],[-156.40295,20.58039],[-156.40282,20.58041],[-156.40281,20.58047],[-156.40291,20.58054],[-156.40295,20.58066],[-156.40288,20.58073],[-156.40279,20.58076],[-156.4028,20.58081],[-156.4027,20.58079],[-156.40263,20.58082],[-156.40258,20.58089],[-156.40253,20.58091],[-156.40256,20.58095],[-156.40266,20.58095],[-156.40282,20.58099],[-156.40283,20.58104],[-156.40296,20.58109],[-156.403,20.58124],[-156.40304,20.5813],[-156.40311,20.58132],[-156.40313,20.58138],[-156.40318,20.5814],[-156.40318,20.58144],[-156.40313,20.58146],[-156.40316,20.58149],[-156.40318,20.58146],[-156.40318,20.58159],[-156.40311,20.58164],[-156.40315,20.58168],[-156.40314,20.58177],[-156.40308,20.58177],[-156.40299,20.58187],[-156.40298,20.58197],[-156.40288,20.58203],[-156.40282,20.58215],[-156.40266,20.58224],[-156.40259,20.58232],[-156.40302,20.5828],[-156.40316,20.58284],[-156.40315,20.5834],[-156.40515,20.58322],[-156.4053,20.58333],[-156.40538,20.5833],[-156.40549,20.58319],[-156.40565,20.58317],[-156.40568,20.5833],[-156.40585,20.58335],[-156.40597,20.58336],[-156.40651,20.58331],[-156.40657,20.58333],[-156.40675,20.58325],[-156.40682,20.58331],[-156.4069,20.58328],[-156.40705,20.58329],[-156.40715,20.5832],[-156.40723,20.58323],[-156.40726,20.58312],[-156.40728,20.5832],[-156.40743,20.58324],[-156.40763,20.58336],[-156.4078,20.58331],[-156.40794,20.58334],[-156.40794,20.58327],[-156.40802,20.58333],[-156.40811,20.58329],[-156.40815,20.58331],[-156.40821,20.58322],[-156.40818,20.58318],[-156.40832,20.58316],[-156.40844,20.58328],[-156.40846,20.58351],[-156.40857,20.58357],[-156.40866,20.58352],[-156.40869,20.58355],[-156.40879,20.58352],[-156.40879,20.58348],[-156.40886,20.58347],[-156.40883,20.58343],[-156.40887,20.58342],[-156.40886,20.58339],[-156.4089,20.58341],[-156.40891,20.58336],[-156.40903,20.58346],[-156.40908,20.58339],[-156.40901,20.58333],[-156.40901,20.58329],[-156.4091,20.58321],[-156.40919,20.5832],[-156.40914,20.58317],[-156.40919,20.58315],[-156.4092,20.58317],[-156.40927,20.5831],[-156.40937,20.58292],[-156.40939,20.58284],[-156.41058,20.58273],[-156.41078,20.5829],[-156.41085,20.58286],[-156.41081,20.58291],[-156.41085,20.58289],[-156.41084,20.58295],[-156.41094,20.58291],[-156.41089,20.58297],[-156.41093,20.58298],[-156.41092,20.583],[-156.41099,20.58294],[-156.41097,20.58306],[-156.41101,20.58311],[-156.41106,20.58309],[-156.41114,20.58314],[-156.41119,20.58312],[-156.41133,20.58315],[-156.41136,20.58313],[-156.41133,20.58311],[-156.41137,20.58308],[-156.41141,20.58309],[-156.41139,20.58312],[-156.41144,20.58314],[-156.41155,20.58308],[-156.4116,20.58311],[-156.41178,20.58311],[-156.4118,20.58315],[-156.41195,20.58311],[-156.4127,20.58535],[-156.41318,20.58558],[-156.41323,20.58567],[-156.41328,20.58595],[-156.41349,20.58613],[-156.41367,20.5862],[-156.41385,20.5862],[-156.4139,20.58633],[-156.414,20.58634],[-156.41405,20.5864],[-156.41424,20.5864],[-156.41427,20.58645],[-156.41418,20.58656],[-156.41412,20.58677],[-156.41407,20.58673],[-156.41405,20.58681],[-156.41415,20.58708],[-156.4141,20.58735],[-156.41415,20.58743],[-156.4138,20.58783],[-156.41378,20.58793],[-156.41381,20.58805],[-156.41366,20.58827],[-156.41367,20.58847],[-156.41375,20.58857],[-156.41352,20.58919],[-156.41338,20.58923],[-156.41332,20.5892],[-156.4132,20.5892],[-156.41302,20.5895],[-156.41291,20.58951],[-156.41288,20.58965],[-156.41297,20.58991],[-156.41292,20.59002],[-156.41294,20.59009],[-156.41287,20.59015],[-156.41277,20.5904],[-156.41277,20.59035],[-156.41266,20.59038],[-156.41257,20.5905],[-156.41277,20.59086],[-156.41283,20.59103],[-156.41259,20.59167],[-156.41378,20.594],[-156.4136,20.59399],[-156.41355,20.59405],[-156.41353,20.59422],[-156.41365,20.59434],[-156.41367,20.59445],[-156.41365,20.59452],[-156.41353,20.59457],[-156.41354,20.59472],[-156.41349,20.5948],[-156.4135,20.59484],[-156.41387,20.59474],[-156.41404,20.59466],[-156.41411,20.59467],[-156.41411,20.59471],[-156.41405,20.59479],[-156.41417,20.59475],[-156.41437,20.59519],[-156.41441,20.59523],[-156.41538,20.59712],[-156.41643,20.59739],[-156.41642,20.59756],[-156.4165,20.59754],[-156.41655,20.59749],[-156.41654,20.59763],[-156.41677,20.59758],[-156.41688,20.5975],[-156.41743,20.59764],[-156.41743,20.5977],[-156.41752,20.59774],[-156.41757,20.5977],[-156.41758,20.59778],[-156.41761,20.59776],[-156.4176,20.59778],[-156.41789,20.59781],[-156.41795,20.59777],[-156.41833,20.59787],[-156.41834,20.59791],[-156.41836,20.59788],[-156.4191,20.59806],[-156.4192,20.59817],[-156.41919,20.59831],[-156.41922,20.59839],[-156.41945,20.59861],[-156.41963,20.59905],[-156.41974,20.59915],[-156.4199,20.59927],[-156.42002,20.59932],[-156.42014,20.59931],[-156.42033,20.59918],[-156.4204,20.59928],[-156.42075,20.5996],[-156.42072,20.59965],[-156.42072,20.59981],[-156.42086,20.6],[-156.42096,20.60002],[-156.42093,20.60005],[-156.42093,20.60012],[-156.42101,20.60014],[-156.42106,20.60009],[-156.42104,20.60014],[-156.42124,20.60037],[-156.4214,20.60045],[-156.42165,20.60066],[-156.42186,20.60067],[-156.42203,20.60084],[-156.42209,20.60057],[-156.42213,20.60053],[-156.42211,20.60053],[-156.42211,20.60047],[-156.42215,20.60041],[-156.42213,20.60039],[-156.42218,20.60016],[-156.42224,20.6002],[-156.42232,20.60014],[-156.42236,20.60017],[-156.42236,20.60012],[-156.42232,20.60009],[-156.4224,20.60006],[-156.42236,20.60005],[-156.42238,20.60001],[-156.42231,20.6],[-156.42236,20.59994],[-156.42224,20.59992],[-156.42245,20.59901],[-156.42249,20.59901],[-156.4225,20.59911],[-156.42254,20.59908],[-156.42257,20.5991],[-156.42259,20.59907],[-156.42259,20.59889],[-156.42252,20.59881],[-156.42249,20.59882],[-156.42259,20.5984],[-156.42264,20.59838],[-156.42266,20.59829],[-156.42262,20.59826],[-156.42266,20.5982],[-156.42264,20.59818],[-156.42271,20.59813],[-156.42266,20.59811],[-156.42273,20.59777],[-156.42289,20.59775],[-156.4229,20.59773],[-156.42285,20.59772],[-156.4229,20.59771],[-156.4229,20.59765],[-156.42291,20.59768],[-156.42295,20.59765],[-156.42302,20.59768],[-156.42304,20.59765],[-156.42299,20.59763],[-156.42304,20.5976],[-156.42307,20.59763],[-156.42313,20.59755],[-156.42311,20.59746],[-156.42307,20.59754],[-156.42304,20.59753],[-156.42302,20.59746],[-156.42309,20.59744],[-156.42308,20.5974],[-156.42302,20.5973],[-156.42297,20.59726],[-156.42302,20.59717],[-156.42298,20.59703],[-156.423,20.59694],[-156.42303,20.59699],[-156.42301,20.59691],[-156.42295,20.59684],[-156.42303,20.59647],[-156.42311,20.59646],[-156.42322,20.59637],[-156.42321,20.59643],[-156.42314,20.59648],[-156.42312,20.59657],[-156.42314,20.59668],[-156.42322,20.5967],[-156.42345,20.59657],[-156.42361,20.5966],[-156.42372,20.59658],[-156.42374,20.5966],[-156.42373,20.59641],[-156.42378,20.5964],[-156.42378,20.59646],[-156.42382,20.59646],[-156.42384,20.59652],[-156.42382,20.59638],[-156.42386,20.59635],[-156.42399,20.59641],[-156.42398,20.59649],[-156.42401,20.59651],[-156.42407,20.5965],[-156.42415,20.59656],[-156.4245,20.59668],[-156.42447,20.59664],[-156.4245,20.59657],[-156.42454,20.59661],[-156.42464,20.59657],[-156.42467,20.59648],[-156.4247,20.59647],[-156.42472,20.59649],[-156.42477,20.59646],[-156.42486,20.59652],[-156.42489,20.59641],[-156.42492,20.59644],[-156.42487,20.59659],[-156.42489,20.5966],[-156.42498,20.59654],[-156.42503,20.59644],[-156.42494,20.59642],[-156.42491,20.59628],[-156.42493,20.59628],[-156.42495,20.59636],[-156.42499,20.5963],[-156.42501,20.5963],[-156.42499,20.59636],[-156.42505,20.5963],[-156.42496,20.59628],[-156.42496,20.59619],[-156.42504,20.59614],[-156.42496,20.59611],[-156.42502,20.59612],[-156.42663,20.59591],[-156.42668,20.59598],[-156.42674,20.59599],[-156.42677,20.59594],[-156.42681,20.59594],[-156.42686,20.59602],[-156.42696,20.59604],[-156.42707,20.596],[-156.42708,20.59597],[-156.42714,20.596],[-156.42719,20.59598],[-156.42721,20.59596],[-156.42714,20.59591],[-156.42715,20.59585],[-156.42955,20.59556],[-156.4296,20.59563],[-156.42982,20.59557],[-156.42976,20.59561],[-156.42977,20.59564],[-156.42984,20.59564],[-156.42987,20.59561],[-156.42991,20.59563],[-156.42988,20.59566],[-156.42991,20.5957],[-156.42992,20.59567],[-156.42993,20.59575],[-156.43001,20.59574],[-156.42997,20.59567],[-156.43,20.59565],[-156.43005,20.59573],[-156.43008,20.59569],[-156.4301,20.59571],[-156.43008,20.59577],[-156.43012,20.59578],[-156.43011,20.59581],[-156.43014,20.59584],[-156.43019,20.59582],[-156.43015,20.5959],[-156.43019,20.59594],[-156.43017,20.59596],[-156.43019,20.59598],[-156.43039,20.59599],[-156.43038,20.59606],[-156.43032,20.59607],[-156.4304,20.59614],[-156.43032,20.59614],[-156.43027,20.5961],[-156.43025,20.59632],[-156.43022,20.59634],[-156.43019,20.5963],[-156.43014,20.5963],[-156.43009,20.59634],[-156.43009,20.59639],[-156.43016,20.5964],[-156.43012,20.59643],[-156.43017,20.59652],[-156.43011,20.59657],[-156.43012,20.59663],[-156.43041,20.59685],[-156.43058,20.59687],[-156.43064,20.59694],[-156.43069,20.59695],[-156.43107,20.5968],[-156.43116,20.5968],[-156.43113,20.59672],[-156.43136,20.59687],[-156.43145,20.59684],[-156.43149,20.59688],[-156.43162,20.59687],[-156.43163,20.5969],[-156.43155,20.59694],[-156.43157,20.59695],[-156.43155,20.59699],[-156.43164,20.59698],[-156.43154,20.59706],[-156.43162,20.59707],[-156.43168,20.59712],[-156.43169,20.59716],[-156.43174,20.59706],[-156.4318,20.5971],[-156.43185,20.59709],[-156.43182,20.59713],[-156.43185,20.59715],[-156.43187,20.59723],[-156.43193,20.59724],[-156.43199,20.59721],[-156.43199,20.59716],[-156.43204,20.59719],[-156.43201,20.59721],[-156.43202,20.59724],[-156.43208,20.59723],[-156.4321,20.59719],[-156.43216,20.59722],[-156.43227,20.59716],[-156.43228,20.59704],[-156.43231,20.59699],[-156.4323,20.59696],[-156.43225,20.59697],[-156.43225,20.59691],[-156.43337,20.59753],[-156.43337,20.59757],[-156.43347,20.59759],[-156.43341,20.59771],[-156.4335,20.59771],[-156.43362,20.59779],[-156.43372,20.59772],[-156.43376,20.59775],[-156.43375,20.5978],[-156.43383,20.59779],[-156.43561,20.59878],[-156.43563,20.59885],[-156.43568,20.59884],[-156.43573,20.59892],[-156.43583,20.59893],[-156.43586,20.59903],[-156.43589,20.59904],[-156.43593,20.59901],[-156.43594,20.59907],[-156.43625,20.59922],[-156.43633,20.59918],[-156.43635,20.59925],[-156.43645,20.5993],[-156.43672,20.60068],[-156.43655,20.60062],[-156.43646,20.60063],[-156.43644,20.60067],[-156.43632,20.60066],[-156.43623,20.6008],[-156.43623,20.60086],[-156.43628,20.60091],[-156.43633,20.6009],[-156.43637,20.60097],[-156.43645,20.60096],[-156.43647,20.60092],[-156.43653,20.60091],[-156.43659,20.60098],[-156.43676,20.60106],[-156.43676,20.60117],[-156.43665,20.60122],[-156.4366,20.60128],[-156.43666,20.60125],[-156.4368,20.60136],[-156.43685,20.60136],[-156.43679,20.60138],[-156.43682,20.60141],[-156.43671,20.60143],[-156.43674,20.60144],[-156.43673,20.60156],[-156.4368,20.60172],[-156.43688,20.60178],[-156.43686,20.60195],[-156.43695,20.60206],[-156.43699,20.60206],[-156.43697,20.60213],[-156.43701,20.60216],[-156.43692,20.60215],[-156.43698,20.60219],[-156.43698,20.60223],[-156.43702,20.60223],[-156.43698,20.60226],[-156.43695,20.60237],[-156.43705,20.60246],[-156.43709,20.60257],[-156.43699,20.60264],[-156.43702,20.60269],[-156.43708,20.60271],[-156.43706,20.60275],[-156.43712,20.60275],[-156.43714,20.60285],[-156.43711,20.60281],[-156.43707,20.60281],[-156.43707,20.60286],[-156.43711,20.60288],[-156.43701,20.60289],[-156.43697,20.60293],[-156.43702,20.60305],[-156.43707,20.60303],[-156.4371,20.60307],[-156.43719,20.60309],[-156.43732,20.60377],[-156.44077,20.60464],[-156.44078,20.60467],[-156.44081,20.60465],[-156.4409,20.60467],[-156.44092,20.6047],[-156.44099,20.60469],[-156.44098,20.60472],[-156.44102,20.60473],[-156.44104,20.6047],[-156.44111,20.60472],[-156.44107,20.60476],[-156.44112,20.60479],[-156.44102,20.60482],[-156.44112,20.60486],[-156.44104,20.60495],[-156.4411,20.60498],[-156.44106,20.60506],[-156.44107,20.60516],[-156.44104,20.60517],[-156.44106,20.60519],[-156.44105,20.60528],[-156.44098,20.60525],[-156.44098,20.60528],[-156.44105,20.60531],[-156.44097,20.60561],[-156.44097,20.60576],[-156.44093,20.60585],[-156.44094,20.60595],[-156.44085,20.60597],[-156.4409,20.60608],[-156.44077,20.60602],[-156.44067,20.6061],[-156.44067,20.60616],[-156.4406,20.6062],[-156.44057,20.60614],[-156.44047,20.60616],[-156.44036,20.60631],[-156.44034,20.60641],[-156.44036,20.60649],[-156.44021,20.6065],[-156.4402,20.60652],[-156.44025,20.60655],[-156.44024,20.60658],[-156.44018,20.60656],[-156.44016,20.6066],[-156.44022,20.60664],[-156.44009,20.60662],[-156.44009,20.60676],[-156.44004,20.60677],[-156.44007,20.60681],[-156.43997,20.60686],[-156.43995,20.60692],[-156.43994,20.60721],[-156.43999,20.60733],[-156.44005,20.60732],[-156.44006,20.60735],[-156.43997,20.60736],[-156.44,20.60746],[-156.43993,20.60741],[-156.43997,20.60752],[-156.4399,20.60758],[-156.4399,20.60764],[-156.43985,20.60762],[-156.43986,20.60769],[-156.43991,20.60772],[-156.43981,20.60773],[-156.43985,20.60776],[-156.43999,20.60776],[-156.43998,20.60778],[-156.43986,20.6078],[-156.44005,20.60783],[-156.44004,20.60785],[-156.4399,20.60787],[-156.43985,20.60784],[-156.43991,20.60791],[-156.43982,20.608],[-156.43985,20.60808],[-156.4398,20.60815],[-156.43982,20.60817],[-156.4398,20.60821],[-156.4399,20.60834],[-156.44003,20.60828],[-156.44012,20.60836],[-156.4402,20.60835],[-156.44017,20.60838],[-156.44018,20.60844],[-156.44013,20.60842],[-156.44011,20.60845],[-156.44003,20.60844],[-156.44002,20.60851],[-156.43996,20.60851],[-156.43998,20.60858],[-156.43996,20.60861],[-156.44003,20.60863],[-156.43999,20.60867],[-156.43999,20.60875],[-156.44006,20.60882],[-156.44015,20.60877],[-156.44024,20.60879],[-156.44012,20.60887],[-156.44019,20.6089],[-156.4401,20.60892],[-156.4401,20.60896],[-156.44003,20.60898],[-156.44,20.60903],[-156.44005,20.60926],[-156.44007,20.60929],[-156.44015,20.60929],[-156.44017,20.60936],[-156.4402,20.60933],[-156.4402,20.60941],[-156.44024,20.60941],[-156.44026,20.60948],[-156.44028,20.60947],[-156.4403,20.6095],[-156.44023,20.60955],[-156.44025,20.60958],[-156.44024,20.6096],[-156.4402,20.60961],[-156.44026,20.60965],[-156.44021,20.60968],[-156.44027,20.60969],[-156.4403,20.60974],[-156.44029,20.60979],[-156.44026,20.6098],[-156.44028,20.60982],[-156.44025,20.60989],[-156.44027,20.60992],[-156.4402,20.60995],[-156.44025,20.60999],[-156.44021,20.61001],[-156.44025,20.61002],[-156.44024,20.61011],[-156.4402,20.61011],[-156.44018,20.61018],[-156.44013,20.61017],[-156.4402,20.61023],[-156.44016,20.61025],[-156.44012,20.61022],[-156.4401,20.61029],[-156.44005,20.61031],[-156.44008,20.61034],[-156.44005,20.61039],[-156.44007,20.61044],[-156.43991,20.61038],[-156.43995,20.61044],[-156.4399,20.61047],[-156.43991,20.61053],[-156.43986,20.61051],[-156.43984,20.61058],[-156.43979,20.61055],[-156.43977,20.61055],[-156.43977,20.61058],[-156.43972,20.61058],[-156.43974,20.61061],[-156.4397,20.61063],[-156.43971,20.61068],[-156.43959,20.61073],[-156.43963,20.6108],[-156.43953,20.61078],[-156.43942,20.61085],[-156.43938,20.61085],[-156.43937,20.61099],[-156.43934,20.61096],[-156.43931,20.61099],[-156.43923,20.61097],[-156.43919,20.61102],[-156.4372,20.61099],[-156.43719,20.61185],[-156.43715,20.61191],[-156.43718,20.61193],[-156.43714,20.61194],[-156.4371,20.61203],[-156.4371,20.61213],[-156.43705,20.61235],[-156.43683,20.61257],[-156.43681,20.61262],[-156.43673,20.61266],[-156.43669,20.61282],[-156.43674,20.61289],[-156.43676,20.61295],[-156.43671,20.61311],[-156.43675,20.61324],[-156.43678,20.6133],[-156.43688,20.61335],[-156.43688,20.6134],[-156.4368,20.61343],[-156.43688,20.61345],[-156.43683,20.61353],[-156.43685,20.61359],[-156.4368,20.61396],[-156.43685,20.61411],[-156.43701,20.61441],[-156.43714,20.61447],[-156.43713,20.61551],[-156.43773,20.61552],[-156.43782,20.61557],[-156.43785,20.61565],[-156.43774,20.61574],[-156.43774,20.6158],[-156.43782,20.61588],[-156.43771,20.61608],[-156.43761,20.6162],[-156.43757,20.61632],[-156.43762,20.61648],[-156.43762,20.61663],[-156.43765,20.61668],[-156.43749,20.61681],[-156.43749,20.61688],[-156.43755,20.61695],[-156.4374,20.61736],[-156.43724,20.61744],[-156.43722,20.61748],[-156.43722,20.61756],[-156.43729,20.61766],[-156.43708,20.61821],[-156.43827,20.61879],[-156.43819,20.61882],[-156.43827,20.61887],[-156.43822,20.61889],[-156.43821,20.61894],[-156.43834,20.6191],[-156.43846,20.61916],[-156.43843,20.61923],[-156.43847,20.6193],[-156.43852,20.6194],[-156.43861,20.61946],[-156.4387,20.61947],[-156.43871,20.61936],[-156.43884,20.6194],[-156.43888,20.61936],[-156.43895,20.61935],[-156.43901,20.61959],[-156.43906,20.61966],[-156.43901,20.61966],[-156.43901,20.61971],[-156.43896,20.61972],[-156.43895,20.61976],[-156.43901,20.61981],[-156.43896,20.61996],[-156.43908,20.62],[-156.43917,20.62008],[-156.43921,20.62031],[-156.43907,20.62028],[-156.43902,20.62034],[-156.43907,20.62041],[-156.43899,20.62037],[-156.43901,20.62045],[-156.43898,20.62043],[-156.43894,20.62045],[-156.43894,20.62048],[-156.43898,20.62051],[-156.43894,20.62052],[-156.43894,20.62061],[-156.43899,20.62061],[-156.43895,20.62068],[-156.43905,20.62066],[-156.43916,20.62076],[-156.43909,20.62079],[-156.43909,20.62075],[-156.43902,20.62071],[-156.43895,20.62081],[-156.43903,20.621],[-156.4392,20.62114],[-156.43921,20.62118],[-156.43926,20.6212],[-156.43935,20.62113],[-156.43937,20.62115],[-156.43921,20.6213],[-156.43922,20.62136],[-156.43932,20.62138],[-156.43937,20.62142],[-156.43926,20.62141],[-156.43926,20.62147],[-156.43907,20.62157],[-156.43909,20.6216],[-156.43906,20.62163],[-156.439,20.62162],[-156.43897,20.62172],[-156.4391,20.62195],[-156.43924,20.62193],[-156.43932,20.62195],[-156.43937,20.62201],[-156.4393,20.62207],[-156.4393,20.62212],[-156.43956,20.62245],[-156.43962,20.62243],[-156.43987,20.62367],[-156.44222,20.6255],[-156.44225,20.62558],[-156.44234,20.6256],[-156.44278,20.62594],[-156.44275,20.62596],[-156.44282,20.62606],[-156.44294,20.62607],[-156.44309,20.62618],[-156.44317,20.62638],[-156.44324,20.62641],[-156.44326,20.62631],[-156.44342,20.62644],[-156.44335,20.62651],[-156.44328,20.62665],[-156.44324,20.62667],[-156.44326,20.6267],[-156.44331,20.62671],[-156.44336,20.62663],[-156.44341,20.62661],[-156.44342,20.62667],[-156.44349,20.62666],[-156.44348,20.62669],[-156.44356,20.6267],[-156.44348,20.6268],[-156.44337,20.62685],[-156.44343,20.62686],[-156.4434,20.62689],[-156.44343,20.62693],[-156.44356,20.62684],[-156.4437,20.62686],[-156.44378,20.62674],[-156.44388,20.62679],[-156.4439,20.62685],[-156.44386,20.62688],[-156.44388,20.62691],[-156.44383,20.62697],[-156.44391,20.627],[-156.44395,20.62707],[-156.4439,20.62713],[-156.44393,20.62735],[-156.44419,20.62754],[-156.44432,20.6276],[-156.44436,20.62757],[-156.44435,20.62759],[-156.44447,20.6276],[-156.44442,20.62771],[-156.44438,20.62772],[-156.44452,20.62777],[-156.44451,20.62781],[-156.44445,20.62785],[-156.44445,20.62795],[-156.44442,20.62791],[-156.44433,20.62809],[-156.44443,20.62823],[-156.4444,20.62835],[-156.44443,20.62849],[-156.44437,20.62862],[-156.44457,20.62892],[-156.44457,20.62916],[-156.44665,20.63122],[-156.44704,20.63156],[-156.44835,20.63283],[-156.44898,20.63299],[-156.44944,20.63324],[-156.45021,20.63359],[-156.45082,20.63382],[-156.451,20.63391],[-156.4513,20.63388],[-156.45137,20.63381],[-156.45141,20.6336],[-156.45217,20.63379],[-156.4522,20.63386],[-156.45211,20.63385],[-156.45207,20.63398],[-156.45201,20.63398],[-156.45198,20.63394],[-156.45195,20.63395],[-156.45186,20.63418],[-156.45182,20.63424],[-156.45171,20.63429],[-156.45169,20.63451],[-156.45176,20.63475],[-156.45193,20.63508],[-156.45223,20.6354],[-156.45231,20.63544],[-156.45235,20.63549],[-156.4525,20.63551],[-156.45252,20.63566],[-156.45261,20.63558],[-156.45259,20.63564],[-156.45265,20.63568],[-156.4526,20.63577],[-156.45271,20.63587],[-156.45271,20.63597],[-156.45286,20.63603],[-156.4523,20.63705],[-156.45225,20.63709],[-156.45219,20.63724],[-156.45208,20.63736],[-156.45206,20.63741],[-156.45209,20.63743],[-156.45188,20.63781],[-156.45181,20.63779],[-156.4518,20.63786],[-156.45173,20.63781],[-156.45177,20.63788],[-156.45178,20.63798],[-156.45171,20.63812],[-156.45167,20.63813],[-156.45168,20.63816],[-156.45162,20.63816],[-156.45157,20.63823],[-156.4516,20.63819],[-156.45157,20.63815],[-156.45148,20.63814],[-156.45146,20.63818],[-156.45149,20.63823],[-156.45147,20.63829],[-156.45134,20.63829],[-156.45135,20.63825],[-156.4513,20.63825],[-156.45124,20.63831],[-156.4513,20.63834],[-156.45121,20.63835],[-156.45116,20.63833],[-156.45099,20.63844],[-156.45085,20.63844],[-156.45075,20.63851],[-156.45075,20.63865],[-156.4509,20.63866],[-156.45092,20.63871],[-156.45091,20.63874],[-156.45095,20.63874],[-156.45093,20.6388],[-156.45085,20.63881],[-156.45076,20.63894],[-156.45076,20.63902],[-156.45083,20.63908],[-156.45085,20.63906],[-156.45089,20.63908],[-156.45084,20.63914],[-156.45075,20.63911],[-156.45057,20.63914],[-156.45054,20.63917],[-156.45047,20.63912],[-156.45043,20.639],[-156.45037,20.639],[-156.45038,20.63898],[-156.45034,20.63895],[-156.45021,20.63892],[-156.4501,20.63895],[-156.45013,20.639],[-156.45013,20.63914],[-156.45,20.63913],[-156.44992,20.63904],[-156.44981,20.63912],[-156.44946,20.63898],[-156.44943,20.63903],[-156.44943,20.63899],[-156.4494,20.63898],[-156.44944,20.63895],[-156.44942,20.63891],[-156.44938,20.63891],[-156.44934,20.63892],[-156.44934,20.63898],[-156.44928,20.63893],[-156.44927,20.63895],[-156.44928,20.63902],[-156.44923,20.63908],[-156.4493,20.6391],[-156.44928,20.63913],[-156.44923,20.63911],[-156.44912,20.63912],[-156.44919,20.63914],[-156.44919,20.63916],[-156.44911,20.63913],[-156.44911,20.63916],[-156.44908,20.63916],[-156.44906,20.6391],[-156.44904,20.63912],[-156.44905,20.63907],[-156.449,20.63907],[-156.44901,20.63903],[-156.44897,20.63901],[-156.44901,20.639],[-156.44896,20.63897],[-156.44883,20.63899],[-156.44877,20.63907],[-156.44875,20.63916],[-156.44728,20.63913],[-156.44708,20.64018],[-156.44671,20.64061],[-156.44662,20.64105],[-156.44652,20.6413],[-156.44656,20.64146],[-156.44651,20.64151],[-156.44644,20.64146],[-156.4464,20.64147],[-156.44635,20.64159],[-156.44641,20.64172],[-156.44634,20.6422],[-156.44619,20.6425],[-156.44622,20.64266],[-156.44611,20.64297],[-156.44612,20.64304],[-156.44598,20.64311],[-156.44599,20.6432],[-156.44607,20.64323],[-156.44598,20.64329],[-156.44595,20.64336],[-156.44598,20.64342],[-156.44598,20.64351],[-156.44605,20.64353],[-156.44613,20.64365],[-156.44605,20.64359],[-156.44589,20.64374],[-156.44614,20.64382],[-156.44619,20.64387],[-156.44618,20.64392],[-156.44625,20.64395],[-156.44629,20.64402],[-156.44621,20.64407],[-156.44631,20.64412],[-156.4463,20.64421],[-156.44625,20.64423],[-156.44629,20.64426],[-156.44626,20.64439],[-156.44618,20.64443],[-156.44618,20.64446],[-156.44624,20.64449],[-156.44623,20.64454],[-156.44609,20.64458],[-156.44596,20.64455],[-156.44587,20.64457],[-156.44585,20.64451],[-156.44577,20.64445],[-156.44566,20.64453],[-156.44567,20.6446],[-156.44559,20.64471],[-156.44554,20.64472],[-156.44543,20.64457],[-156.44536,20.64455],[-156.44536,20.64467],[-156.4453,20.64474],[-156.44519,20.64465],[-156.44515,20.64466],[-156.44509,20.64473],[-156.4451,20.64483],[-156.44505,20.64485],[-156.44496,20.64481],[-156.44491,20.64493],[-156.44475,20.64494],[-156.44474,20.64498],[-156.44334,20.6454],[-156.44235,20.64719],[-156.44196,20.64977],[-156.44191,20.64996],[-156.44192,20.65008],[-156.44184,20.65061],[-156.44171,20.65059],[-156.44172,20.65063],[-156.44175,20.65062],[-156.44178,20.65064],[-156.44183,20.65064],[-156.44175,20.6507],[-156.44175,20.65067],[-156.44168,20.65064],[-156.44169,20.65057],[-156.44165,20.65056],[-156.44166,20.6505],[-156.44162,20.65048],[-156.44148,20.65052],[-156.44137,20.65062],[-156.44135,20.6507],[-156.44138,20.65071],[-156.44135,20.65075],[-156.44145,20.65079],[-156.44142,20.65082],[-156.44147,20.65082],[-156.44148,20.65085],[-156.44137,20.65084],[-156.44144,20.65093],[-156.44139,20.65097],[-156.44142,20.65096],[-156.44142,20.65098],[-156.44136,20.65101],[-156.44138,20.65103],[-156.44129,20.65103],[-156.4413,20.65115],[-156.44136,20.65115],[-156.44132,20.65113],[-156.44134,20.6511],[-156.44146,20.6511],[-156.44138,20.65112],[-156.44144,20.65115],[-156.44144,20.65119],[-156.44147,20.6512],[-156.44145,20.65125],[-156.44148,20.65128],[-156.44145,20.65133],[-156.44133,20.65136],[-156.44135,20.65142],[-156.44118,20.65146],[-156.44115,20.65152],[-156.44118,20.65152],[-156.44113,20.65155],[-156.44114,20.65162],[-156.44108,20.65173],[-156.44114,20.65185],[-156.44121,20.65186],[-156.44125,20.65192],[-156.44107,20.65197],[-156.44099,20.65216],[-156.441,20.65219],[-156.44105,20.65217],[-156.44102,20.65221],[-156.44104,20.65223],[-156.44108,20.65221],[-156.44119,20.65225],[-156.44126,20.65237],[-156.44123,20.65239],[-156.44113,20.65235],[-156.44114,20.65239],[-156.44111,20.65236],[-156.44107,20.65239],[-156.44095,20.65228],[-156.44088,20.65233],[-156.44084,20.65239],[-156.44078,20.65266],[-156.44078,20.65278],[-156.44081,20.65289],[-156.44092,20.65295],[-156.44085,20.65296],[-156.44081,20.65291],[-156.4408,20.65294],[-156.44081,20.65299],[-156.44092,20.65301],[-156.44088,20.65301],[-156.44091,20.65305],[-156.44084,20.65305],[-156.44086,20.65314],[-156.44079,20.65321],[-156.44082,20.65335],[-156.44086,20.65337],[-156.44093,20.65336],[-156.44095,20.65347],[-156.44101,20.65346],[-156.44094,20.65351],[-156.44099,20.65353],[-156.44101,20.65361],[-156.44106,20.65358],[-156.44102,20.65366],[-156.44105,20.65374],[-156.44108,20.65374],[-156.44122,20.65395],[-156.44134,20.65394],[-156.44127,20.65439],[-156.44317,20.65442],[-156.44316,20.65623],[-156.44292,20.6562],[-156.44283,20.65622],[-156.4422,20.65621],[-156.44204,20.65717],[-156.44194,20.65717],[-156.4418,20.65761],[-156.44195,20.65768],[-156.44184,20.65837],[-156.44175,20.65845],[-156.44173,20.65867],[-156.44177,20.65879],[-156.44113,20.66252],[-156.44162,20.66253],[-156.44168,20.6628],[-156.4419,20.66351],[-156.44197,20.66369],[-156.44207,20.66385],[-156.44203,20.66614],[-156.44273,20.66648],[-156.443,20.66678],[-156.44312,20.66686],[-156.44335,20.66692],[-156.44343,20.66697],[-156.44344,20.66692],[-156.44351,20.6669],[-156.44354,20.66698],[-156.44367,20.66695],[-156.44391,20.66706],[-156.44388,20.66707],[-156.44386,20.66705],[-156.44383,20.66709],[-156.44389,20.66716],[-156.44392,20.66716],[-156.44387,20.66736],[-156.44378,20.66737],[-156.44372,20.66741],[-156.44377,20.66745],[-156.44376,20.66748],[-156.44367,20.66745],[-156.44367,20.66751],[-156.44372,20.66754],[-156.44372,20.66757],[-156.44368,20.66759],[-156.44358,20.66758],[-156.44358,20.66765],[-156.44353,20.66766],[-156.44352,20.6677],[-156.44341,20.66783],[-156.44347,20.66795],[-156.44337,20.66796],[-156.44334,20.66792],[-156.44325,20.66795],[-156.44314,20.66817],[-156.44313,20.66832],[-156.44317,20.66837],[-156.44319,20.66847],[-156.44323,20.66847],[-156.44326,20.6685],[-156.44325,20.66852],[-156.44323,20.66848],[-156.44319,20.66849],[-156.44316,20.66854],[-156.44338,20.66864],[-156.44321,20.6686],[-156.44312,20.66877],[-156.44308,20.6689],[-156.4431,20.669],[-156.44316,20.66903],[-156.44323,20.66903],[-156.44325,20.66907],[-156.44329,20.66905],[-156.4432,20.66911],[-156.44321,20.66922],[-156.44318,20.66926],[-156.44314,20.66924],[-156.44299,20.66927],[-156.44292,20.66957],[-156.44294,20.6699],[-156.44312,20.67062],[-156.4429,20.67157],[-156.44396,20.67209],[-156.4439,20.67209],[-156.44393,20.67213],[-156.44393,20.67221],[-156.44391,20.67221],[-156.44394,20.67223],[-156.44386,20.67232],[-156.44392,20.67246],[-156.44399,20.67251],[-156.44401,20.67249],[-156.44405,20.67252],[-156.44401,20.67254],[-156.44405,20.67268],[-156.44417,20.67274],[-156.44428,20.67265],[-156.44449,20.67256],[-156.44448,20.67261],[-156.44451,20.67265],[-156.44459,20.6727],[-156.44383,20.67339],[-156.44379,20.67431],[-156.44381,20.67466],[-156.44371,20.67505],[-156.44371,20.67558],[-156.44378,20.67618],[-156.44377,20.677],[-156.44413,20.67703],[-156.44417,20.67709],[-156.44418,20.67705],[-156.44422,20.67704],[-156.44425,20.67706],[-156.44418,20.67712],[-156.44428,20.67711],[-156.44428,20.67714],[-156.44432,20.67714],[-156.44428,20.67725],[-156.44416,20.67735],[-156.44414,20.67746],[-156.44408,20.67745],[-156.44402,20.67754],[-156.44411,20.67756],[-156.44412,20.6775],[-156.44424,20.67749],[-156.44431,20.67741],[-156.44436,20.67744],[-156.44444,20.67742],[-156.4444,20.67746],[-156.44442,20.6775],[-156.44463,20.67748],[-156.44456,20.67752],[-156.44449,20.67751],[-156.44457,20.67755],[-156.44451,20.67757],[-156.44454,20.67762],[-156.44462,20.67759],[-156.44471,20.67766],[-156.44469,20.67767],[-156.44461,20.67762],[-156.44461,20.67764],[-156.44468,20.67768],[-156.44462,20.67767],[-156.44466,20.67772],[-156.44447,20.67775],[-156.4447,20.67779],[-156.44463,20.67785],[-156.44461,20.67795],[-156.44435,20.67797],[-156.44444,20.67802],[-156.44452,20.67801],[-156.44448,20.67806],[-156.44449,20.67811],[-156.44455,20.67814],[-156.44451,20.67814],[-156.44455,20.67819],[-156.44452,20.67823],[-156.44459,20.67829],[-156.44452,20.67843],[-156.44447,20.67839],[-156.44436,20.67841],[-156.44449,20.67846],[-156.44447,20.67848],[-156.44448,20.67852],[-156.44447,20.67855],[-156.44445,20.67849],[-156.44444,20.67852],[-156.44439,20.67849],[-156.44435,20.67851],[-156.44441,20.67857],[-156.44441,20.67863],[-156.44438,20.67865],[-156.44449,20.67867],[-156.4445,20.67885],[-156.44444,20.67887],[-156.44444,20.6789],[-156.44446,20.67895],[-156.4445,20.67893],[-156.44451,20.67897],[-156.44448,20.67899],[-156.44453,20.67901],[-156.44439,20.67902],[-156.44456,20.67907],[-156.44452,20.67909],[-156.44453,20.67911],[-156.44461,20.67918],[-156.44458,20.67931],[-156.4445,20.67933],[-156.44469,20.67939],[-156.44467,20.68063],[-156.44371,20.68061],[-156.44375,20.68111],[-156.44361,20.6813],[-156.44338,20.68199],[-156.4433,20.68261],[-156.44328,20.68346],[-156.44338,20.68404],[-156.44347,20.68436],[-156.44357,20.68463],[-156.44362,20.68468],[-156.44361,20.68473],[-156.44364,20.68478],[-156.44368,20.68478],[-156.44366,20.68483],[-156.4437,20.68493],[-156.4438,20.68505],[-156.44379,20.68508],[-156.44386,20.68512],[-156.44388,20.68519],[-156.44391,20.68521],[-156.44398,20.68518],[-156.44391,20.68529],[-156.44401,20.68531],[-156.44405,20.68528],[-156.44403,20.68534],[-156.44413,20.6853],[-156.44414,20.68538],[-156.4441,20.68537],[-156.44407,20.6854],[-156.44414,20.6854],[-156.44414,20.68542],[-156.44408,20.68544],[-156.4441,20.68551],[-156.44415,20.68549],[-156.4444,20.68829],[-156.44437,20.6883],[-156.4444,20.68835],[-156.44435,20.68832],[-156.4444,20.68837],[-156.44441,20.68845],[-156.44435,20.68846],[-156.44437,20.68849],[-156.44435,20.68853],[-156.44431,20.68847],[-156.44429,20.68851],[-156.44424,20.68848],[-156.44421,20.68848],[-156.44415,20.68856],[-156.44413,20.68865],[-156.44411,20.68886],[-156.44414,20.68889],[-156.44422,20.68887],[-156.44419,20.68891],[-156.44414,20.6889],[-156.44414,20.68906],[-156.44423,20.68906],[-156.44426,20.68909],[-156.44423,20.68912],[-156.44428,20.68913],[-156.44416,20.68917],[-156.44416,20.68928],[-156.44409,20.68932],[-156.44405,20.68931],[-156.44388,20.6895],[-156.44385,20.68947],[-156.44386,20.68951],[-156.44366,20.68953],[-156.4436,20.68963],[-156.44362,20.68997],[-156.44372,20.69038],[-156.44354,20.69054],[-156.44378,20.69055],[-156.44399,20.69094],[-156.44427,20.69134],[-156.44457,20.69145],[-156.4446,20.69193],[-156.44435,20.6922],[-156.4441,20.69268],[-156.44404,20.69285],[-156.44404,20.69304],[-156.44412,20.69348],[-156.44422,20.6936],[-156.44427,20.69356],[-156.44422,20.69364],[-156.44429,20.69386],[-156.44463,20.69453],[-156.44481,20.6948],[-156.44485,20.69538],[-156.4447,20.69561],[-156.44462,20.69587],[-156.44456,20.69632],[-156.44458,20.69666],[-156.44474,20.69742],[-156.44495,20.69831],[-156.44509,20.69869],[-156.44528,20.70141],[-156.44585,20.70224],[-156.44598,20.7028],[-156.44614,20.70325],[-156.44636,20.7037],[-156.44654,20.70395],[-156.44679,20.70419],[-156.44712,20.70439],[-156.44683,20.70675],[-156.44677,20.70675],[-156.44667,20.70681],[-156.44666,20.70689],[-156.44675,20.70698],[-156.44671,20.70698],[-156.44667,20.70705],[-156.44659,20.70704],[-156.44652,20.70708],[-156.44669,20.70719],[-156.44672,20.7073],[-156.44667,20.7073],[-156.44666,20.70734],[-156.44662,20.70731],[-156.44655,20.70741],[-156.44641,20.70734],[-156.44636,20.70736],[-156.44638,20.70751],[-156.44666,20.70757],[-156.44672,20.70763],[-156.44671,20.70774],[-156.44663,20.70765],[-156.44652,20.70762],[-156.44636,20.70763],[-156.44618,20.70768],[-156.44607,20.70765],[-156.44601,20.70782],[-156.4464,20.70789],[-156.44617,20.70788],[-156.44616,20.70797],[-156.44639,20.70799],[-156.44616,20.70798],[-156.44616,20.70802],[-156.4462,20.70804],[-156.44608,20.70806],[-156.4461,20.70809],[-156.44644,20.70812],[-156.44647,20.70815],[-156.44645,20.7082],[-156.44624,20.70817],[-156.44613,20.70843],[-156.44624,20.70854],[-156.44629,20.70854],[-156.4464,20.70862],[-156.44656,20.70865],[-156.44659,20.70869],[-156.44653,20.70873],[-156.44637,20.70875],[-156.44635,20.70877],[-156.4464,20.70883],[-156.44636,20.70894],[-156.44618,20.70903],[-156.4462,20.70909],[-156.44618,20.70912],[-156.44619,20.70915],[-156.44625,20.7092],[-156.44631,20.70921],[-156.44635,20.70928],[-156.44635,20.70933],[-156.44628,20.70936],[-156.44626,20.70942],[-156.44631,20.70964],[-156.44638,20.70971],[-156.44634,20.70987],[-156.44626,20.70991],[-156.44619,20.71],[-156.44619,20.71012],[-156.44626,20.7103],[-156.44638,20.71039],[-156.44634,20.71077],[-156.4463,20.7108],[-156.44633,20.71084],[-156.44627,20.71132],[-156.44618,20.71137],[-156.44613,20.71144],[-156.44614,20.7116],[-156.44621,20.71179],[-156.44604,20.71315],[-156.44662,20.71316],[-156.44675,20.71359],[-156.4468,20.71373],[-156.44683,20.71372],[-156.44681,20.71374],[-156.447,20.71415],[-156.44708,20.71418],[-156.44709,20.71423],[-156.44716,20.71424],[-156.44719,20.71447],[-156.44681,20.7146],[-156.44669,20.71476],[-156.44676,20.71482],[-156.44675,20.71499],[-156.44667,20.71497],[-156.44658,20.71525],[-156.4469,20.71644],[-156.44747,20.71788],[-156.44776,20.71834],[-156.4479,20.71929],[-156.44782,20.71954],[-156.44777,20.71961],[-156.44776,20.71993],[-156.44766,20.71996],[-156.44765,20.72001],[-156.44766,20.7201],[-156.44769,20.72013],[-156.44767,20.72014],[-156.4477,20.72016],[-156.44763,20.72018],[-156.44761,20.72025],[-156.4476,20.72021],[-156.44756,20.72022],[-156.44756,20.72033],[-156.44752,20.72037],[-156.44753,20.72063],[-156.44758,20.72086],[-156.44801,20.72196],[-156.44804,20.72211],[-156.44829,20.72282],[-156.44848,20.72327],[-156.44872,20.72493],[-156.44979,20.72545],[-156.44992,20.72561],[-156.44995,20.72562],[-156.44996,20.72566],[-156.45001,20.72567],[-156.44999,20.72569],[-156.45002,20.72569],[-156.45011,20.72589],[-156.45016,20.72591],[-156.45018,20.72585],[-156.45018,20.72588],[-156.45021,20.72588],[-156.45015,20.72594],[-156.45022,20.72647],[-156.45015,20.72673],[-156.45017,20.72688],[-156.45024,20.72703],[-156.45053,20.72728],[-156.45039,20.72731],[-156.45035,20.72729],[-156.45022,20.72732],[-156.45012,20.72729],[-156.45007,20.72737],[-156.45001,20.72738],[-156.44992,20.72773],[-156.44988,20.72777],[-156.44995,20.72797],[-156.45017,20.72822],[-156.45017,20.7283],[-156.45051,20.72857],[-156.45065,20.72864],[-156.45523,20.73309],[-156.45551,20.7336],[-156.45547,20.73358],[-156.45546,20.73361],[-156.45553,20.73366],[-156.45576,20.73411],[-156.45575,20.73424],[-156.45597,20.73469],[-156.45584,20.73473],[-156.45586,20.7348],[-156.45591,20.7348],[-156.45595,20.73496],[-156.45606,20.73514],[-156.45611,20.73545],[-156.45616,20.73552],[-156.45621,20.7357],[-156.45619,20.73572],[-156.45622,20.73577],[-156.45618,20.73587],[-156.45636,20.73627],[-156.45657,20.73732],[-156.45663,20.73787],[-156.45662,20.73793],[-156.45659,20.73794],[-156.45659,20.73798],[-156.45662,20.73798],[-156.45665,20.73819],[-156.45664,20.73838],[-156.45661,20.73842],[-156.45667,20.73921],[-156.4566,20.7393],[-156.45656,20.73946],[-156.45659,20.73963],[-156.45663,20.73967],[-156.45659,20.73967],[-156.45659,20.73975],[-156.45663,20.73975],[-156.45661,20.73978],[-156.4566,20.7399],[-156.4567,20.74017],[-156.4567,20.74028],[-156.45674,20.74034],[-156.45677,20.74053],[-156.45674,20.74056],[-156.45692,20.74145],[-156.45725,20.74268],[-156.45759,20.74565],[-156.45755,20.74588],[-156.45758,20.74648],[-156.45768,20.74705],[-156.4578,20.74746],[-156.45793,20.74854],[-156.45894,20.74986],[-156.4595,20.75086],[-156.45955,20.75099],[-156.4596,20.75129],[-156.45978,20.75177],[-156.45994,20.75201],[-156.46023,20.7523],[-156.46033,20.75251],[-156.46033,20.75273],[-156.4603,20.75284],[-156.46009,20.75333],[-156.45989,20.75364],[-156.45969,20.75403],[-156.45955,20.75455],[-156.4595,20.75515],[-156.4595,20.75567],[-156.45972,20.75651],[-156.45986,20.7574],[-156.45982,20.75836],[-156.45985,20.75883],[-156.45949,20.76154],[-156.45928,20.76187],[-156.45913,20.76223],[-156.45913,20.76244],[-156.45931,20.76255],[-156.45923,20.7631],[-156.45923,20.76339],[-156.45856,20.76842],[-156.45902,20.76842],[-156.45907,20.76899],[-156.45905,20.76929],[-156.45916,20.76974],[-156.45952,20.7703],[-156.45957,20.77035],[-156.45966,20.77035],[-156.45968,20.77041],[-156.45974,20.77043],[-156.45971,20.77044],[-156.4597,20.77054],[-156.45972,20.77056],[-156.45964,20.7706],[-156.45964,20.77087],[-156.45978,20.77149],[-156.45996,20.77198],[-156.46041,20.77292],[-156.46056,20.7734],[-156.46069,20.77541],[-156.46102,20.7769],[-156.46101,20.77756],[-156.46104,20.77802],[-156.46122,20.77864],[-156.46141,20.77916],[-156.46169,20.77959],[-156.46172,20.77962],[-156.46182,20.77963],[-156.46179,20.77965],[-156.46183,20.77967],[-156.46179,20.77969],[-156.46185,20.77978],[-156.46191,20.7798],[-156.46218,20.78111],[-156.46502,20.78386],[-156.46593,20.78388],[-156.4663,20.78414],[-156.46677,20.78442],[-156.46767,20.78485],[-156.46976,20.78754],[-156.47065,20.78756],[-156.47156,20.78831],[-156.47252,20.78902],[-156.47367,20.7895],[-156.47451,20.79032],[-156.47621,20.79035],[-156.4778,20.79116],[-156.47832,20.79219],[-156.48213,20.79405],[-156.48418,20.79443],[-156.48473,20.79468],[-156.4853,20.79489],[-156.48632,20.79521],[-156.48693,20.79536],[-156.48852,20.79569],[-156.48926,20.79579],[-156.49045,20.79591],[-156.49114,20.79604],[-156.4916,20.7962],[-156.49205,20.7964],[-156.49265,20.79655],[-156.49265,20.79691],[-156.4941,20.79693],[-156.49518,20.79717],[-156.49643,20.79726],[-156.4973,20.7972],[-156.4975,20.79721],[-156.49832,20.7971],[-156.49879,20.79712],[-156.49907,20.79707],[-156.49923,20.79701],[-156.50129,20.79704],[-156.50129,20.79663],[-156.50171,20.79656],[-156.50175,20.79654],[-156.50176,20.79648],[-156.50182,20.7965],[-156.5018,20.79644],[-156.50181,20.79648],[-156.50197,20.79657],[-156.50255,20.79662],[-156.50285,20.79661],[-156.50361,20.79634],[-156.50404,20.79613],[-156.50423,20.79611],[-156.50465,20.79595],[-156.50533,20.79568],[-156.50552,20.79554],[-156.50707,20.79531],[-156.50952,20.79235],[-156.50961,20.7923],[-156.50961,20.79224],[-156.50966,20.79217],[-156.50992,20.7924],[-156.50998,20.79242],[-156.5102,20.79238],[-156.51042,20.79223],[-156.51125,20.79189],[-156.51131,20.79201],[-156.51183,20.79177],[-156.51289,20.79179],[-156.51317,20.79106],[-156.51335,20.79098],[-156.51361,20.79095],[-156.51365,20.79085],[-156.51382,20.79082],[-156.51382,20.79076],[-156.51363,20.79076],[-156.51359,20.79026],[-156.51346,20.79027],[-156.51356,20.79001],[-156.51395,20.78996],[-156.51401,20.78988],[-156.5141,20.7896],[-156.51418,20.7895],[-156.51422,20.78938],[-156.51434,20.78927],[-156.51437,20.78916],[-156.51446,20.78914],[-156.51454,20.78916],[-156.51456,20.7891],[-156.51466,20.78911],[-156.51475,20.78904],[-156.51478,20.78893],[-156.51494,20.78887],[-156.51504,20.78876],[-156.5151,20.78875],[-156.51518,20.78851],[-156.51583,20.78822],[-156.51737,20.78343],[-156.51749,20.78338],[-156.51748,20.78333],[-156.51753,20.78332],[-156.5175,20.78328],[-156.51756,20.78329],[-156.51759,20.78321],[-156.51757,20.78319],[-156.51763,20.78319],[-156.51763,20.78316],[-156.51768,20.78314],[-156.51765,20.78307],[-156.51756,20.78304],[-156.51765,20.78299],[-156.51771,20.783],[-156.51776,20.78294],[-156.51776,20.78289],[-156.5178,20.78289],[-156.51783,20.78281],[-156.5178,20.78273],[-156.51783,20.78273],[-156.51784,20.78269],[-156.51788,20.78267],[-156.51786,20.78265],[-156.51781,20.78267],[-156.51782,20.78265],[-156.51787,20.78264],[-156.51806,20.78265],[-156.51816,20.78256],[-156.5181,20.78239],[-156.51811,20.78235],[-156.51816,20.78233],[-156.51825,20.78216],[-156.51825,20.78208],[-156.51817,20.78204],[-156.51826,20.78205],[-156.51825,20.78198],[-156.51827,20.78192],[-156.51843,20.7819],[-156.51841,20.78185],[-156.51851,20.78173],[-156.5191,20.78156],[-156.51912,20.78158],[-156.51917,20.78157],[-156.51921,20.78153],[-156.52075,20.78107],[-156.52119,20.78026],[-156.52123,20.78025],[-156.52124,20.7802],[-156.52133,20.78022],[-156.52146,20.78013],[-156.5215,20.77996],[-156.5216,20.77987],[-156.52159,20.77983],[-156.52155,20.7798],[-156.52165,20.77974],[-156.52167,20.77966],[-156.52178,20.77957],[-156.52177,20.77953],[-156.52174,20.77957],[-156.52172,20.77954],[-156.52177,20.77948],[-156.52174,20.77944],[-156.52178,20.77943],[-156.52177,20.77938],[-156.52181,20.77935],[-156.52184,20.77925],[-156.5219,20.7792],[-156.5219,20.77916],[-156.52196,20.77914],[-156.52195,20.77909],[-156.52229,20.77888],[-156.52238,20.77878],[-156.5224,20.7787],[-156.5225,20.77866],[-156.52257,20.77855],[-156.52261,20.77838],[-156.52258,20.7783],[-156.52257,20.7782],[-156.52254,20.77819],[-156.52255,20.77813],[-156.52246,20.77798],[-156.52273,20.77748],[-156.52463,20.77841],[-156.5249,20.77817],[-156.52512,20.77808],[-156.52512,20.77802],[-156.52517,20.77804],[-156.52515,20.778],[-156.52521,20.77794],[-156.52527,20.77793],[-156.52537,20.77782],[-156.5254,20.77771],[-156.52598,20.77718],[-156.52603,20.77724],[-156.52614,20.77724],[-156.52612,20.77728],[-156.52624,20.7773],[-156.52657,20.77727],[-156.52663,20.7772],[-156.5266,20.77714],[-156.52668,20.77715],[-156.52673,20.7771],[-156.52677,20.77711],[-156.52681,20.77705],[-156.52679,20.77703],[-156.52687,20.77702],[-156.52692,20.77698],[-156.52692,20.77693],[-156.52701,20.77695],[-156.52706,20.77692],[-156.52705,20.7769],[-156.52708,20.77691],[-156.52707,20.77684],[-156.52712,20.77688],[-156.52723,20.77688],[-156.52724,20.77691],[-156.52731,20.77689],[-156.52727,20.77686],[-156.52727,20.77675],[-156.52735,20.77679],[-156.52738,20.7767],[-156.52742,20.77675],[-156.52738,20.77683],[-156.52732,20.77683],[-156.52736,20.77686],[-156.52745,20.77684],[-156.5275,20.77677],[-156.52749,20.77682],[-156.52752,20.77684],[-156.52759,20.77683],[-156.52761,20.77679],[-156.52762,20.77683],[-156.52772,20.77683],[-156.52775,20.77683],[-156.52774,20.7768],[-156.52778,20.77682],[-156.5278,20.77679],[-156.52782,20.77682],[-156.52786,20.77679],[-156.52789,20.77683],[-156.5279,20.77681],[-156.528,20.77682],[-156.52804,20.77686],[-156.5282,20.77691],[-156.52815,20.7769],[-156.52814,20.77692],[-156.52818,20.77694],[-156.52821,20.77701],[-156.52829,20.77702],[-156.52834,20.77698],[-156.52833,20.77701],[-156.52837,20.77698],[-156.52841,20.77701],[-156.52852,20.77694],[-156.52854,20.77696],[-156.52871,20.77689],[-156.52875,20.77684],[-156.5288,20.77684],[-156.52886,20.77675],[-156.52882,20.77669],[-156.52887,20.77672],[-156.52892,20.77667],[-156.52946,20.77668],[-156.53022,20.77531],[-156.53037,20.77513],[-156.53038,20.77501],[-156.53045,20.77488],[-156.5314,20.7758],[-156.53166,20.77577],[-156.53175,20.77581],[-156.53196,20.77582],[-156.53197,20.77573],[-156.53202,20.77573],[-156.5321,20.77582],[-156.53241,20.77581],[-156.53245,20.77587],[-156.53252,20.77584],[-156.53258,20.77569],[-156.53264,20.77565],[-156.53268,20.77565],[-156.53272,20.77569],[-156.53283,20.77563],[-156.53448,20.77543],[-156.53461,20.77549],[-156.53471,20.77549],[-156.53484,20.77545],[-156.53491,20.77538],[-156.53793,20.77502],[-156.53798,20.77508],[-156.5381,20.77509],[-156.53811,20.77516],[-156.5382,20.77522],[-156.53828,20.77518],[-156.53867,20.77565],[-156.53868,20.77573],[-156.53871,20.77578],[-156.53878,20.77579],[-156.53887,20.77589],[-156.53887,20.77593],[-156.53882,20.77594],[-156.53881,20.776],[-156.53887,20.77602],[-156.53881,20.77614],[-156.53885,20.77617],[-156.5389,20.77615],[-156.53896,20.77617],[-156.5389,20.77623],[-156.53886,20.77623],[-156.5389,20.77627],[-156.53899,20.77627],[-156.53902,20.77623],[-156.53895,20.77622],[-156.5391,20.77617],[-156.53915,20.77629],[-156.53912,20.77635],[-156.53917,20.77634],[-156.53918,20.77627],[-156.53924,20.7764],[-156.53927,20.77638],[-156.5419,20.77956],[-156.54342,20.77987],[-156.54336,20.77995],[-156.54347,20.77997],[-156.54345,20.78006],[-156.5435,20.78015],[-156.54347,20.78021],[-156.54349,20.78031],[-156.54365,20.78045],[-156.54394,20.78059],[-156.54426,20.78067],[-156.54439,20.78056],[-156.54446,20.78065],[-156.54457,20.78071],[-156.54467,20.78065],[-156.54465,20.78058],[-156.54486,20.7804],[-156.54489,20.78041],[-156.5449,20.78047],[-156.54508,20.78049],[-156.54518,20.78059],[-156.54523,20.7806],[-156.54531,20.78057],[-156.54541,20.78064],[-156.5455,20.78061],[-156.5456,20.78049],[-156.54564,20.78056],[-156.54558,20.78062],[-156.54561,20.78078],[-156.54568,20.78088],[-156.54575,20.7809],[-156.54579,20.7809],[-156.54585,20.78085],[-156.54601,20.78087],[-156.54605,20.78084],[-156.54612,20.78083],[-156.54617,20.78077],[-156.54623,20.78084],[-156.54637,20.78079],[-156.54641,20.78081],[-156.54641,20.78076],[-156.54649,20.7808],[-156.54655,20.78079],[-156.54652,20.78089],[-156.54656,20.78094],[-156.5465,20.78103],[-156.54647,20.78116],[-156.54651,20.78117],[-156.54651,20.78111],[-156.54661,20.78108],[-156.54675,20.78111],[-156.5468,20.78109],[-156.54685,20.7811],[-156.54689,20.78107],[-156.54697,20.78109],[-156.54702,20.78106],[-156.54703,20.78116],[-156.54709,20.78114],[-156.54716,20.78124],[-156.5471,20.78132],[-156.54713,20.78137],[-156.54718,20.78135],[-156.54712,20.78145],[-156.54712,20.78155],[-156.54692,20.78192],[-156.54718,20.78204],[-156.54728,20.78215],[-156.54739,20.7822],[-156.54742,20.78218],[-156.54741,20.78213],[-156.54753,20.78212],[-156.54759,20.78204],[-156.5477,20.78204],[-156.5477,20.78209],[-156.54776,20.7821],[-156.54856,20.78327],[-156.54938,20.78354],[-156.54934,20.7836],[-156.54944,20.78362],[-156.54966,20.78375],[-156.5497,20.78374],[-156.5497,20.78365],[-156.55025,20.78383],[-156.55008,20.78394],[-156.55011,20.784],[-156.55033,20.78413],[-156.55037,20.78407],[-156.55037,20.78402],[-156.55042,20.78403],[-156.55046,20.78395],[-156.55055,20.78394],[-156.55057,20.78398],[-156.55055,20.78403],[-156.55043,20.78409],[-156.55043,20.78412],[-156.55048,20.78418],[-156.55049,20.78422],[-156.55043,20.78426],[-156.55046,20.78427],[-156.55062,20.78426],[-156.55069,20.78433],[-156.55108,20.78441],[-156.5513,20.7845],[-156.5514,20.78438],[-156.55139,20.78426],[-156.55143,20.78422],[-156.55207,20.78443],[-156.55211,20.78447],[-156.55217,20.78446],[-156.5525,20.78457],[-156.55244,20.78458],[-156.55242,20.78462],[-156.55245,20.78471],[-156.55233,20.78477],[-156.55235,20.78489],[-156.55247,20.78497],[-156.55262,20.78497],[-156.55273,20.78512],[-156.5528,20.78517],[-156.55283,20.78518],[-156.55287,20.78512],[-156.55287,20.78523],[-156.55296,20.78529],[-156.55301,20.78525],[-156.55312,20.78523],[-156.55331,20.78531],[-156.55343,20.78525],[-156.55345,20.78526],[-156.55341,20.78534],[-156.55346,20.78538],[-156.55385,20.78546],[-156.55405,20.78539],[-156.55405,20.78534],[-156.55408,20.78537],[-156.55412,20.78535],[-156.5542,20.78538],[-156.55424,20.78535],[-156.55434,20.78542],[-156.55435,20.78533],[-156.55435,20.78536],[-156.5544,20.78538],[-156.55522,20.78698],[-156.55722,20.78772],[-156.55724,20.78777],[-156.55738,20.78785],[-156.55732,20.7879],[-156.55743,20.78797],[-156.55742,20.788],[-156.55736,20.78801],[-156.55743,20.78809],[-156.55765,20.78823],[-156.55777,20.78826],[-156.55809,20.78829],[-156.55825,20.78815],[-156.55836,20.78814],[-156.55958,20.78859],[-156.55963,20.78871],[-156.55984,20.7888],[-156.56012,20.78887],[-156.56017,20.78887],[-156.56019,20.78881],[-156.56067,20.78899],[-156.56059,20.78903],[-156.56057,20.78906],[-156.56059,20.78922],[-156.56072,20.78943],[-156.56097,20.78958],[-156.56098,20.78965],[-156.56112,20.78973],[-156.56114,20.78979],[-156.56122,20.7898],[-156.56121,20.7899],[-156.56125,20.7899],[-156.56124,20.78995],[-156.56128,20.78999],[-156.56126,20.79001],[-156.56128,20.79005],[-156.56146,20.79006],[-156.56187,20.79017],[-156.56191,20.79015],[-156.56195,20.79018],[-156.56205,20.79018],[-156.56207,20.7902],[-156.56209,20.79018],[-156.56234,20.79025],[-156.56243,20.7902],[-156.56249,20.79014],[-156.56262,20.79011],[-156.56264,20.79],[-156.56279,20.79],[-156.56284,20.79007],[-156.56279,20.79009],[-156.56282,20.79011],[-156.5628,20.79012],[-156.56282,20.79014],[-156.56282,20.79026],[-156.56287,20.79027],[-156.56291,20.79039],[-156.56295,20.79038],[-156.56298,20.79046],[-156.56303,20.79046],[-156.56303,20.79049],[-156.5631,20.79047],[-156.56309,20.79052],[-156.5632,20.79059],[-156.56314,20.7907],[-156.56323,20.79072],[-156.56328,20.79084],[-156.5634,20.79088],[-156.56346,20.79095],[-156.56358,20.79095],[-156.56363,20.79091],[-156.5637,20.791],[-156.56381,20.79103],[-156.56386,20.79113],[-156.56403,20.7912],[-156.56416,20.79128],[-156.56472,20.7918],[-156.56501,20.79188],[-156.56569,20.79254],[-156.5664,20.79255],[-156.56648,20.79259],[-156.56654,20.79257],[-156.56662,20.79261],[-156.56665,20.79268],[-156.56681,20.79271],[-156.56746,20.79272],[-156.5681,20.79279],[-156.57001,20.79291],[-156.5702,20.79293],[-156.57054,20.79305],[-156.57149,20.79295],[-156.57241,20.79311],[-156.5724,20.79354],[-156.57508,20.79381],[-156.57527,20.79387],[-156.57528,20.79383],[-156.57567,20.79387],[-156.57577,20.79398],[-156.57645,20.79414],[-156.57884,20.7944],[-156.57905,20.79445],[-156.57958,20.7945],[-156.57965,20.79446],[-156.58079,20.79465],[-156.58129,20.79459],[-156.58173,20.7946],[-156.5821,20.79469],[-156.58294,20.79502],[-156.58293,20.7955],[-156.58563,20.79605],[-156.5865,20.79645],[-156.58821,20.79743],[-156.58865,20.79829],[-156.59114,20.79927],[-156.59177,20.79962],[-156.59225,20.79977],[-156.59288,20.80052],[-156.59348,20.80107],[-156.59402,20.80139],[-156.59548,20.80265],[-156.59719,20.80473],[-156.59779,20.80474],[-156.59793,20.80482],[-156.59837,20.8049],[-156.59874,20.8051],[-156.599,20.80533],[-156.59915,20.80556],[-156.59974,20.80598],[-156.60004,20.80657],[-156.60766,20.81029],[-156.61342,20.81037],[-156.61532,20.80907],[-156.61582,20.80883],[-156.61623,20.80848],[-156.61692,20.8081],[-156.61738,20.808],[-156.61755,20.8079],[-156.61778,20.80785],[-156.61789,20.80773],[-156.61829,20.80773],[-156.61895,20.80806],[-156.6193,20.80815],[-156.61947,20.80823],[-156.62016,20.80956],[-156.62338,20.80961],[-156.62401,20.81026],[-156.62434,20.81052],[-156.6246,20.81084],[-156.62489,20.81109],[-156.62576,20.81166],[-156.62725,20.8134],[-156.62736,20.8137],[-156.62838,20.81516],[-156.62855,20.81554],[-156.6286,20.81593],[-156.6287,20.81624],[-156.6287,20.81642],[-156.62861,20.81653],[-156.6286,20.8166],[-156.62866,20.81688],[-156.62865,20.8174],[-156.62868,20.81754],[-156.62865,20.81961],[-156.63144,20.82507],[-156.63523,20.82873],[-156.63613,20.82875],[-156.63635,20.82894],[-156.63653,20.82906],[-156.63667,20.82911],[-156.63724,20.82956],[-156.63781,20.83019],[-156.63889,20.83101],[-156.63997,20.83241],[-156.64693,20.8347],[-156.64722,20.83498],[-156.64792,20.83539],[-156.64827,20.83584],[-156.64836,20.83604],[-156.64849,20.83623],[-156.64876,20.8365],[-156.64884,20.83669],[-156.64895,20.83679],[-156.64916,20.83709],[-156.64963,20.83761],[-156.64984,20.83812],[-156.64993,20.83857],[-156.65024,20.8391],[-156.65055,20.83939],[-156.65077,20.83989],[-156.65128,20.84054],[-156.65137,20.84102],[-156.65144,20.84118],[-156.6517,20.84161],[-156.65189,20.84172],[-156.65417,20.84615],[-156.66647,20.85806],[-156.66975,20.85966],[-156.66988,20.8599],[-156.67,20.85998],[-156.67003,20.86019],[-156.67017,20.86071],[-156.67,20.86097],[-156.67007,20.86126],[-156.67026,20.86167],[-156.67024,20.86263],[-156.67113,20.86264],[-156.67135,20.86285],[-156.67187,20.8631],[-156.67261,20.86352],[-156.67403,20.86629],[-156.67583,20.86745],[-156.6761,20.86779],[-156.67632,20.86817],[-156.67682,20.86888],[-156.67737,20.86983],[-156.67871,20.87448],[-156.68065,20.87573],[-156.68067,20.87577],[-156.6806,20.87581],[-156.68066,20.87588],[-156.68074,20.87587],[-156.68094,20.87608],[-156.68104,20.87637],[-156.68096,20.87642],[-156.68097,20.87647],[-156.68105,20.87654],[-156.68112,20.87652],[-156.68137,20.87682],[-156.68131,20.87688],[-156.68132,20.87694],[-156.68155,20.87722],[-156.68153,20.87813],[-156.68354,20.87925],[-156.68382,20.87949],[-156.68393,20.87952],[-156.68406,20.87962],[-156.68416,20.87973],[-156.68429,20.87979],[-156.6846,20.88004],[-156.68465,20.88013],[-156.68489,20.88027],[-156.68521,20.88032],[-156.6857,20.8805],[-156.68592,20.88069],[-156.6868,20.88125],[-156.68743,20.8818],[-156.68763,20.88202],[-156.68774,20.88221],[-156.68777,20.8824],[-156.68757,20.88322],[-156.68733,20.88363],[-156.68681,20.88434],[-156.68673,20.88456],[-156.68676,20.88463],[-156.68677,20.88476],[-156.68672,20.88483],[-156.68673,20.88486],[-156.68679,20.88488],[-156.68719,20.88533],[-156.68719,20.88543],[-156.6867,20.88491],[-156.68669,20.88494],[-156.68675,20.88502],[-156.68715,20.88545],[-156.68708,20.88548],[-156.68694,20.88529],[-156.68688,20.88529],[-156.68686,20.8853],[-156.68697,20.88544],[-156.68682,20.88527],[-156.68673,20.88533],[-156.68689,20.88551],[-156.68672,20.88534],[-156.68672,20.88536],[-156.68684,20.88554],[-156.68684,20.88558],[-156.6868,20.88557],[-156.68667,20.88537],[-156.68649,20.88535],[-156.6864,20.88537],[-156.68632,20.88555],[-156.68616,20.88547],[-156.68614,20.88548],[-156.68607,20.88561],[-156.68623,20.8857],[-156.68616,20.88583],[-156.68587,20.88583],[-156.68558,20.88616],[-156.68525,20.88631],[-156.68524,20.88677],[-156.68511,20.88718],[-156.68492,20.88824],[-156.68501,20.88936],[-156.68519,20.88998],[-156.68513,20.8941],[-156.68504,20.8949],[-156.68511,20.89579],[-156.68504,20.90012],[-156.68501,20.90016],[-156.68499,20.90053],[-156.68486,20.90124],[-156.68492,20.90163],[-156.68501,20.90182],[-156.68499,20.90346],[-156.68553,20.90373],[-156.68569,20.90405],[-156.68593,20.90428],[-156.68611,20.90454],[-156.68625,20.90462],[-156.68638,20.90465],[-156.68647,20.90479],[-156.68661,20.90487],[-156.6866,20.90491],[-156.68676,20.9051],[-156.6868,20.90519],[-156.68705,20.9055],[-156.68713,20.90556],[-156.68779,20.90892],[-156.68902,20.90991],[-156.68911,20.91017],[-156.6893,20.91037],[-156.69031,20.91095],[-156.69348,20.91351],[-156.69449,20.91352],[-156.69524,20.91426],[-156.69539,20.91446],[-156.69538,20.91534],[-156.69623,20.91576],[-156.69635,20.9161],[-156.69642,20.91678],[-156.69663,20.91774],[-156.69665,20.91854],[-156.69662,20.91894],[-156.69631,20.92028],[-156.69622,20.9209],[-156.69567,20.92257],[-156.69527,20.92257],[-156.69521,20.92618],[-156.69674,20.92765],[-156.69657,20.92791],[-156.69647,20.92794],[-156.69632,20.92807],[-156.69596,20.92827],[-156.69587,20.92838],[-156.69421,20.92887],[-156.69322,20.93066],[-156.69314,20.93188],[-156.69309,20.93199],[-156.69296,20.9325],[-156.69282,20.93412],[-156.69278,20.93561],[-156.69283,20.93643],[-156.69256,20.94033],[-156.69245,20.94102],[-156.69238,20.94243],[-156.69229,20.94328],[-156.69232,20.94379],[-156.69204,20.94784],[-156.69201,20.94793],[-156.69189,20.9481],[-156.69178,20.94842],[-156.69132,20.94931],[-156.68711,20.95316],[-156.6867,20.95458],[-156.68637,20.95523],[-156.68642,20.95524],[-156.68639,20.95544],[-156.68622,20.9557],[-156.6861,20.95577],[-156.68607,20.95581],[-156.68601,20.95603],[-156.68605,20.9561],[-156.68605,20.95619],[-156.6859,20.95641],[-156.68565,20.95712],[-156.68555,20.95732],[-156.68551,20.9573],[-156.68537,20.95765],[-156.68535,20.95771],[-156.68537,20.95786],[-156.68541,20.9579],[-156.68527,20.95821],[-156.68515,20.95838],[-156.68508,20.9587],[-156.68501,20.9593],[-156.68433,20.96034],[-156.68411,20.96034],[-156.68411,20.9608],[-156.68392,20.96126],[-156.68394,20.96143],[-156.68402,20.96149],[-156.68398,20.96148],[-156.68408,20.96158],[-156.68406,20.96161],[-156.68409,20.96161],[-156.68409,20.96183],[-156.68406,20.96187],[-156.68409,20.96202],[-156.68408,20.96253],[-156.684,20.96263],[-156.68394,20.96299],[-156.68395,20.9631],[-156.68406,20.96314],[-156.68407,20.9633],[-156.68399,20.96347],[-156.68388,20.96358],[-156.68388,20.96371],[-156.68382,20.96377],[-156.68387,20.96383],[-156.68383,20.96388],[-156.68376,20.96388],[-156.68367,20.96404],[-156.68372,20.96407],[-156.68372,20.96405],[-156.68375,20.96405],[-156.68378,20.96414],[-156.68369,20.96413],[-156.68365,20.96411],[-156.68362,20.96414],[-156.68358,20.96413],[-156.68343,20.96443],[-156.68347,20.9646],[-156.68357,20.96459],[-156.68359,20.96465],[-156.68356,20.96471],[-156.68355,20.96466],[-156.68352,20.96464],[-156.68353,20.96467],[-156.6835,20.96465],[-156.68348,20.96471],[-156.6835,20.96474],[-156.68349,20.96479],[-156.68353,20.96479],[-156.68347,20.96482],[-156.68349,20.96488],[-156.68344,20.96485],[-156.68335,20.96492],[-156.68339,20.96503],[-156.68334,20.96505],[-156.68329,20.96522],[-156.68334,20.96527],[-156.68346,20.96528],[-156.68347,20.96537],[-156.68343,20.96535],[-156.68343,20.96531],[-156.6834,20.96533],[-156.68342,20.96534],[-156.68333,20.96535],[-156.68333,20.96538],[-156.68337,20.9654],[-156.68331,20.96541],[-156.68334,20.96546],[-156.68328,20.96548],[-156.68331,20.96551],[-156.68322,20.96555],[-156.68317,20.96561],[-156.68318,20.96568],[-156.68316,20.96566],[-156.68315,20.96568],[-156.68318,20.96578],[-156.68309,20.96575],[-156.68291,20.96581],[-156.68289,20.96585],[-156.68292,20.9659],[-156.68286,20.96592],[-156.68282,20.96588],[-156.68281,20.96597],[-156.68275,20.96598],[-156.68272,20.96605],[-156.68264,20.96606],[-156.68265,20.96611],[-156.68261,20.96613],[-156.68264,20.96616],[-156.68257,20.96615],[-156.68255,20.96621],[-156.6825,20.96625],[-156.68251,20.96629],[-156.68247,20.96629],[-156.68247,20.96633],[-156.68241,20.96632],[-156.68233,20.96637],[-156.68217,20.96648],[-156.68219,20.9665],[-156.68212,20.96651],[-156.6818,20.96674],[-156.68182,20.96676],[-156.68169,20.96679],[-156.68162,20.96685],[-156.6816,20.96684],[-156.68158,20.96689],[-156.68157,20.96686],[-156.6815,20.96689],[-156.6814,20.96706],[-156.68137,20.96722],[-156.68142,20.9674],[-156.68144,20.96744],[-156.6815,20.96745],[-156.68147,20.96749],[-156.68149,20.96757],[-156.68141,20.96779],[-156.68145,20.96781],[-156.68141,20.96782],[-156.6813,20.96798],[-156.68119,20.96805],[-156.68117,20.96808],[-156.6812,20.96809],[-156.68117,20.9681],[-156.68115,20.96815],[-156.68102,20.96823],[-156.68069,20.96867],[-156.68013,20.96932],[-156.67949,20.9731],[-156.67927,20.97359],[-156.67931,20.97368],[-156.67912,20.97427],[-156.67912,20.97438],[-156.67907,20.97445],[-156.67906,20.9746],[-156.67883,20.97501],[-156.67859,20.97531],[-156.67852,20.97533],[-156.67846,20.97541],[-156.67836,20.97555],[-156.67823,20.97586],[-156.6781,20.97604],[-156.67799,20.97661],[-156.67614,20.97829],[-156.67614,20.97845],[-156.67583,20.97885],[-156.67571,20.97908],[-156.67569,20.97917],[-156.6757,20.97923],[-156.67579,20.97931],[-156.67584,20.97948],[-156.67597,20.97959],[-156.67593,20.97965],[-156.67602,20.97971],[-156.67597,20.9797],[-156.67593,20.97977],[-156.67591,20.97984],[-156.67595,20.97987],[-156.67593,20.97988],[-156.67588,20.97985],[-156.67572,20.9799],[-156.6755,20.98007],[-156.67524,20.9802],[-156.67519,20.98029],[-156.67502,20.9804],[-156.67495,20.98042],[-156.6748,20.98053],[-156.6744,20.98074],[-156.67412,20.98097],[-156.6741,20.98102],[-156.67401,20.98107],[-156.67404,20.98108],[-156.67402,20.9811],[-156.674,20.98111],[-156.67401,20.98108],[-156.67398,20.98108],[-156.67398,20.98121],[-156.67394,20.9812],[-156.67389,20.98124],[-156.67384,20.9813],[-156.67386,20.98132],[-156.6737,20.98143],[-156.67357,20.98161],[-156.67352,20.98163],[-156.67347,20.9817],[-156.67321,20.98186],[-156.67334,20.982],[-156.67331,20.98225],[-156.67348,20.98256],[-156.67384,20.9829],[-156.67399,20.98296],[-156.67401,20.98304],[-156.67415,20.98311],[-156.67413,20.98418],[-156.67399,20.98413],[-156.67389,20.98417],[-156.67378,20.98415],[-156.67374,20.98411],[-156.67351,20.98406],[-156.67343,20.98402],[-156.67343,20.98399],[-156.67336,20.98398],[-156.67342,20.98401],[-156.67337,20.98403],[-156.67334,20.98398],[-156.67332,20.98399],[-156.67327,20.98395],[-156.67308,20.98391],[-156.67301,20.98386],[-156.67293,20.98386],[-156.67271,20.984],[-156.67238,20.98456],[-156.6722,20.98456],[-156.67229,20.98481],[-156.67224,20.985],[-156.67224,20.98522],[-156.67233,20.98524],[-156.6723,20.98531],[-156.67237,20.98531],[-156.67232,20.98533],[-156.67232,20.9855],[-156.67222,20.98558],[-156.6722,20.98577],[-156.67213,20.98592],[-156.67214,20.98607],[-156.67218,20.98614],[-156.67226,20.98616],[-156.67223,20.98619],[-156.67228,20.98639],[-156.67255,20.98648],[-156.67259,20.98646],[-156.67259,20.9864],[-156.67268,20.98649],[-156.67274,20.98649],[-156.67285,20.98658],[-156.67292,20.98674],[-156.67291,20.98679],[-156.67298,20.98687],[-156.67292,20.98684],[-156.67291,20.98688],[-156.67285,20.98685],[-156.67279,20.98678],[-156.67278,20.98686],[-156.67272,20.9869],[-156.67284,20.98704],[-156.67285,20.98697],[-156.67287,20.98698],[-156.67287,20.98705],[-156.6729,20.98703],[-156.67292,20.98712],[-156.67289,20.98718],[-156.6729,20.98721],[-156.67283,20.98719],[-156.67287,20.98715],[-156.67285,20.98707],[-156.6728,20.98713],[-156.67284,20.98716],[-156.67271,20.98724],[-156.67276,20.98726],[-156.67271,20.98731],[-156.67264,20.98729],[-156.67258,20.98734],[-156.67263,20.98735],[-156.67264,20.98741],[-156.67268,20.98738],[-156.67267,20.98741],[-156.67255,20.98743],[-156.67238,20.98734],[-156.67235,20.9874],[-156.6724,20.98744],[-156.67238,20.9875],[-156.67022,20.98814],[-156.67003,20.98842],[-156.66989,20.98826],[-156.66977,20.98827],[-156.66967,20.98834],[-156.66964,20.98842],[-156.66964,20.98853],[-156.66973,20.98863],[-156.66974,20.9888],[-156.66826,20.99083],[-156.66834,20.99117],[-156.66823,20.99127],[-156.66815,20.99146],[-156.66833,20.9918],[-156.66837,20.99199],[-156.66861,20.99224],[-156.66904,20.99395],[-156.66899,20.99396],[-156.66902,20.99399],[-156.66901,20.99407],[-156.66895,20.99403],[-156.66894,20.99407],[-156.66889,20.99405],[-156.66887,20.994],[-156.66884,20.994],[-156.66887,20.99407],[-156.66884,20.99405],[-156.66881,20.99413],[-156.66878,20.99411],[-156.66878,20.99414],[-156.66884,20.99415],[-156.6687,20.99412],[-156.66868,20.99413],[-156.66872,20.99415],[-156.66868,20.99415],[-156.66867,20.99419],[-156.66864,20.99417],[-156.66863,20.99419],[-156.66858,20.99415],[-156.66857,20.99425],[-156.66848,20.99421],[-156.66848,20.99426],[-156.66843,20.99422],[-156.66834,20.99425],[-156.66835,20.99431],[-156.66828,20.99427],[-156.66824,20.99429],[-156.66825,20.99431],[-156.66819,20.99429],[-156.66814,20.99431],[-156.6681,20.99427],[-156.66809,20.99418],[-156.66803,20.99416],[-156.66794,20.99424],[-156.66795,20.99428],[-156.66787,20.99427],[-156.6679,20.99435],[-156.66785,20.99438],[-156.66777,20.99437],[-156.66768,20.99428],[-156.66759,20.99425],[-156.66739,20.99427],[-156.66731,20.99431],[-156.66718,20.99437],[-156.66702,20.99451],[-156.66683,20.99473],[-156.66654,20.99523],[-156.66627,20.99531],[-156.66626,20.9958],[-156.66616,20.99616],[-156.66614,20.99646],[-156.66618,20.99668],[-156.66624,20.99679],[-156.66624,20.99712],[-156.66756,20.99776],[-156.66759,20.99779],[-156.66758,20.99782],[-156.66749,20.99785],[-156.6675,20.99796],[-156.66755,20.99799],[-156.66761,20.99811],[-156.66765,20.99811],[-156.66767,20.99816],[-156.66774,20.99817],[-156.66775,20.99822],[-156.66782,20.9982],[-156.66621,20.99893],[-156.66618,21.00073],[-156.66733,21.00075],[-156.66748,21.00083],[-156.66761,21.00098],[-156.66704,21.00124],[-156.66685,21.00111],[-156.66681,21.00112],[-156.66676,21.00122],[-156.66678,21.00127],[-156.66679,21.00123],[-156.66681,21.00125],[-156.66681,21.00129],[-156.66684,21.00125],[-156.66689,21.00131],[-156.66617,21.00163],[-156.66666,21.00414],[-156.66663,21.00418],[-156.66664,21.0043],[-156.6666,21.00426],[-156.66664,21.00436],[-156.66662,21.0044],[-156.66672,21.00448],[-156.66663,21.00453],[-156.66669,21.00461],[-156.66659,21.00464],[-156.66654,21.0046],[-156.66648,21.00461],[-156.66637,21.00453],[-156.66633,21.00455],[-156.66626,21.00443],[-156.6662,21.00443],[-156.666,21.00462],[-156.66601,21.00481],[-156.66608,21.00492],[-156.66612,21.00495],[-156.66618,21.00495],[-156.66616,21.00498],[-156.66619,21.00499],[-156.66616,21.00504],[-156.66618,21.00508],[-156.66619,21.00506],[-156.66621,21.00507],[-156.66628,21.005],[-156.66632,21.005],[-156.66624,21.00508],[-156.66637,21.00516],[-156.6664,21.00514],[-156.66635,21.00509],[-156.6664,21.00511],[-156.66643,21.00515],[-156.66644,21.00522],[-156.66661,21.00544],[-156.66672,21.00554],[-156.66673,21.00558],[-156.66679,21.00561],[-156.66675,21.0057],[-156.66668,21.0057],[-156.66665,21.00567],[-156.66664,21.00571],[-156.66659,21.00571],[-156.66664,21.00573],[-156.66666,21.00577],[-156.66667,21.00598],[-156.66674,21.00613],[-156.66672,21.00616],[-156.66645,21.00615],[-156.66646,21.00613],[-156.6664,21.00606],[-156.66634,21.00606],[-156.6664,21.00602],[-156.66637,21.00599],[-156.66623,21.00597],[-156.66618,21.00601],[-156.66621,21.00603],[-156.66618,21.00604],[-156.66605,21.00592],[-156.66598,21.00592],[-156.66598,21.00589],[-156.6658,21.00576],[-156.66562,21.00572],[-156.6654,21.00573],[-156.66537,21.00571],[-156.66536,21.00566],[-156.66531,21.00565],[-156.66533,21.00562],[-156.66455,21.00492],[-156.66457,21.00499],[-156.66466,21.0051],[-156.66458,21.00505],[-156.6645,21.00489],[-156.66455,21.00483],[-156.66454,21.00475],[-156.66441,21.00467],[-156.6642,21.00432],[-156.66367,21.00429],[-156.66364,21.00411],[-156.66345,21.00407],[-156.6634,21.00409],[-156.66341,21.00415],[-156.66339,21.00423],[-156.66329,21.00429],[-156.6631,21.00417],[-156.66298,21.00395],[-156.66282,21.00377],[-156.66272,21.00383],[-156.66285,21.00396],[-156.66288,21.00403],[-156.66283,21.00404],[-156.66277,21.00395],[-156.66283,21.00408],[-156.66278,21.00408],[-156.66276,21.00412],[-156.66274,21.00411],[-156.66272,21.00415],[-156.6627,21.00408],[-156.66264,21.00412],[-156.66264,21.00415],[-156.66271,21.00417],[-156.66268,21.00421],[-156.66257,21.0042],[-156.66233,21.00399],[-156.66226,21.00386],[-156.66216,21.0039],[-156.66217,21.004],[-156.66214,21.00398],[-156.6621,21.00402],[-156.66201,21.00405],[-156.662,21.00408],[-156.66195,21.00407],[-156.66193,21.0041],[-156.66193,21.00408],[-156.66186,21.00407],[-156.66182,21.00412],[-156.66177,21.00411],[-156.66175,21.00416],[-156.66177,21.00428],[-156.66162,21.00428],[-156.66157,21.00415],[-156.66157,21.0042],[-156.66153,21.00426],[-156.6615,21.00413],[-156.66154,21.00403],[-156.66146,21.00398],[-156.66057,21.00387],[-156.65954,21.00395],[-156.65855,21.0041],[-156.65801,21.00423],[-156.65747,21.00422],[-156.65701,21.00506],[-156.65675,21.00511],[-156.65669,21.0051],[-156.65639,21.00527],[-156.65634,21.00535],[-156.65631,21.00545],[-156.65633,21.00562],[-156.65631,21.00567],[-156.65634,21.00581],[-156.65647,21.006],[-156.65645,21.00604],[-156.65646,21.00605],[-156.65567,21.00749],[-156.65561,21.00731],[-156.65562,21.00712],[-156.65558,21.00699],[-156.65553,21.00699],[-156.65551,21.00692],[-156.65547,21.00691],[-156.65536,21.00699],[-156.65527,21.00679],[-156.6552,21.0065],[-156.65515,21.00645],[-156.65517,21.00605],[-156.65513,21.00605],[-156.65513,21.00601],[-156.65509,21.00601],[-156.65506,21.00607],[-156.65504,21.00602],[-156.65507,21.006],[-156.65503,21.006],[-156.6551,21.00593],[-156.6551,21.00588],[-156.65496,21.0057],[-156.65481,21.00559],[-156.65478,21.0056],[-156.65482,21.00569],[-156.65472,21.00565],[-156.65465,21.00558],[-156.65463,21.00562],[-156.65461,21.00559],[-156.65447,21.00557],[-156.65451,21.00569],[-156.65448,21.00569],[-156.65444,21.00555],[-156.65441,21.0057],[-156.65439,21.00556],[-156.65434,21.00556],[-156.65404,21.00498],[-156.65405,21.00491],[-156.65403,21.00485],[-156.65394,21.00478],[-156.65363,21.00417],[-156.64977,21.00502],[-156.64944,21.00591],[-156.64918,21.00607],[-156.64903,21.00623],[-156.649,21.00635],[-156.64896,21.00637],[-156.64889,21.00667],[-156.64894,21.00681],[-156.64883,21.007],[-156.64884,21.00706],[-156.64874,21.00709],[-156.64856,21.00723],[-156.64848,21.00734],[-156.64846,21.00749],[-156.64839,21.0075],[-156.64835,21.00745],[-156.64826,21.00745],[-156.64803,21.00759],[-156.64794,21.00778],[-156.64783,21.00786],[-156.64783,21.00798],[-156.64786,21.00797],[-156.64788,21.00803],[-156.64784,21.00805],[-156.64788,21.00807],[-156.64779,21.00815],[-156.64786,21.00819],[-156.64785,21.00823],[-156.64777,21.00819],[-156.64771,21.00821],[-156.64765,21.00831],[-156.64758,21.00833],[-156.64751,21.00841],[-156.64738,21.00844],[-156.64739,21.00848],[-156.64735,21.00845],[-156.64727,21.00848],[-156.64729,21.00861],[-156.64725,21.00863],[-156.64722,21.0086],[-156.6472,21.00862],[-156.64711,21.00872],[-156.64688,21.00886],[-156.64688,21.00875],[-156.64679,21.00871],[-156.64665,21.0087],[-156.64647,21.00877],[-156.6464,21.00883],[-156.64634,21.00896],[-156.64637,21.00901],[-156.64634,21.00919],[-156.64585,21.00948],[-156.64584,21.00987],[-156.64578,21.01],[-156.64583,21.01004],[-156.6458,21.01006],[-156.64584,21.01007],[-156.64582,21.01137],[-156.64578,21.01137],[-156.64582,21.01142],[-156.64575,21.01141],[-156.64571,21.01136],[-156.64561,21.01138],[-156.64569,21.01144],[-156.6457,21.01149],[-156.64554,21.01157],[-156.64542,21.01158],[-156.64537,21.01161],[-156.64536,21.01167],[-156.64526,21.01164],[-156.64524,21.01155],[-156.64513,21.01151],[-156.64496,21.01159],[-156.64491,21.01165],[-156.64502,21.01177],[-156.64538,21.012],[-156.64541,21.01209],[-156.64491,21.01197],[-156.64494,21.01195],[-156.64488,21.0119],[-156.64489,21.01182],[-156.64485,21.01172],[-156.64476,21.01165],[-156.64471,21.01165],[-156.64461,21.01158],[-156.64459,21.0116],[-156.64446,21.01147],[-156.64432,21.01146],[-156.64415,21.01152],[-156.64394,21.01138],[-156.64387,21.01141],[-156.64385,21.01134],[-156.64376,21.01128],[-156.64368,21.01128],[-156.64366,21.01132],[-156.6437,21.01143],[-156.64369,21.01151],[-156.64378,21.01161],[-156.6438,21.01169],[-156.64344,21.0116],[-156.64342,21.01149],[-156.64339,21.01146],[-156.64342,21.01144],[-156.64337,21.01129],[-156.64332,21.01125],[-156.64321,21.01127],[-156.64313,21.01123],[-156.64289,21.0112],[-156.64281,21.01113],[-156.64267,21.01109],[-156.64256,21.01109],[-156.64212,21.01127],[-156.64198,21.01123],[-156.64192,21.01134],[-156.6417,21.01141],[-156.6416,21.01147],[-156.6415,21.01172],[-156.64149,21.01181],[-156.64153,21.01193],[-156.6415,21.0121],[-156.64143,21.01223],[-156.64134,21.01232],[-156.6413,21.01246],[-156.64099,21.01303],[-156.6381,21.01299],[-156.6381,21.01325],[-156.63796,21.01336],[-156.63783,21.01352],[-156.6377,21.01376],[-156.63772,21.01405],[-156.63777,21.01416],[-156.63775,21.01437],[-156.63779,21.01457],[-156.63789,21.01487],[-156.63807,21.01517],[-156.63806,21.01569],[-156.63989,21.01747],[-156.64005,21.01792],[-156.64011,21.01805],[-156.6402,21.01814],[-156.64039,21.01824],[-156.64063,21.01818],[-156.64069,21.01823],[-156.64066,21.01827],[-156.64076,21.01851],[-156.64087,21.0186],[-156.63989,21.02443],[-156.63978,21.02447],[-156.63974,21.02456],[-156.6397,21.02456],[-156.63971,21.0246],[-156.63968,21.02469],[-156.63697,21.02381],[-156.63642,21.02481],[-156.63632,21.02486],[-156.63624,21.02499],[-156.6362,21.02498],[-156.63618,21.02503],[-156.63615,21.02503],[-156.63618,21.02509],[-156.63616,21.02517],[-156.63613,21.02506],[-156.63609,21.02522],[-156.63611,21.02531],[-156.63613,21.02532],[-156.63609,21.02541],[-156.63609,21.02531],[-156.63605,21.02535],[-156.63607,21.0253],[-156.63603,21.0252],[-156.63606,21.02508],[-156.63603,21.02506],[-156.63565,21.02522],[-156.6353,21.02531],[-156.63517,21.02531],[-156.63498,21.02526],[-156.63484,21.02535],[-156.63456,21.02539],[-156.63447,21.02535],[-156.63438,21.02528],[-156.63436,21.02518],[-156.63427,21.02513],[-156.63422,21.02515],[-156.6341,21.02511],[-156.63404,21.02515],[-156.63402,21.0252],[-156.634,21.02517],[-156.63392,21.02519],[-156.63392,21.02513],[-156.63386,21.02509],[-156.63382,21.02509],[-156.63382,21.02517],[-156.63375,21.02517],[-156.63364,21.02527],[-156.63364,21.02522],[-156.6336,21.02523],[-156.63359,21.02527],[-156.63347,21.02529],[-156.63347,21.02531],[-156.63332,21.02531],[-156.63313,21.02541],[-156.6331,21.02548],[-156.63311,21.02466],[-156.63275,21.02476],[-156.63269,21.02466],[-156.63254,21.02458],[-156.63249,21.02451],[-156.63235,21.02462],[-156.63226,21.02463],[-156.63224,21.02458],[-156.63218,21.02458],[-156.63208,21.02467],[-156.63199,21.02465],[-156.63198,21.02461],[-156.63201,21.02455],[-156.63191,21.02451],[-156.6318,21.02457],[-156.63175,21.02467],[-156.63184,21.02485],[-156.63178,21.02498],[-156.63172,21.02507],[-156.63168,21.02508],[-156.63164,21.02504],[-156.63165,21.025],[-156.63163,21.02503],[-156.6316,21.02496],[-156.63157,21.02496],[-156.63153,21.0248],[-156.63158,21.02482],[-156.63155,21.02478],[-156.63168,21.02452],[-156.63153,21.02446],[-156.63141,21.02447],[-156.63118,21.02456],[-156.63116,21.02462],[-156.63111,21.02463],[-156.63112,21.02469],[-156.63107,21.02468],[-156.63103,21.02477],[-156.63095,21.02483],[-156.63099,21.02487],[-156.63102,21.02485],[-156.63108,21.02488],[-156.63107,21.0249],[-156.63101,21.02488],[-156.63104,21.02492],[-156.6311,21.02491],[-156.6311,21.02495],[-156.63106,21.02499],[-156.631,21.02498],[-156.63099,21.02493],[-156.63093,21.02498],[-156.63089,21.02494],[-156.63074,21.02501],[-156.63074,21.02504],[-156.63082,21.02505],[-156.63082,21.02508],[-156.63073,21.0251],[-156.63071,21.02518],[-156.63056,21.02514],[-156.63057,21.02522],[-156.63051,21.02523],[-156.63062,21.02526],[-156.63062,21.0253],[-156.63059,21.02528],[-156.6306,21.02534],[-156.63057,21.02531],[-156.63052,21.02533],[-156.63049,21.02531],[-156.63044,21.02537],[-156.63051,21.02541],[-156.63051,21.02537],[-156.63058,21.02537],[-156.63058,21.02541],[-156.63042,21.02544],[-156.63042,21.02529],[-156.63038,21.0253],[-156.63042,21.02522],[-156.6304,21.02523],[-156.63036,21.02517],[-156.63041,21.02517],[-156.63045,21.02521],[-156.63049,21.0252],[-156.63045,21.02516],[-156.63048,21.02503],[-156.63043,21.02499],[-156.63044,21.02497],[-156.63039,21.02498],[-156.63042,21.02493],[-156.63049,21.02491],[-156.63027,21.02483],[-156.63022,21.02476],[-156.63025,21.02459],[-156.63029,21.02457],[-156.63028,21.02455],[-156.63024,21.02455],[-156.63029,21.02447],[-156.63023,21.02447],[-156.63029,21.02431],[-156.63023,21.02429],[-156.63024,21.02371],[-156.62642,21.02185],[-156.62064,21.02268],[-156.61981,21.02417],[-156.61977,21.02414],[-156.6198,21.02401],[-156.61977,21.02399],[-156.61967,21.02401],[-156.61961,21.02403],[-156.61963,21.02409],[-156.61961,21.02412],[-156.61959,21.02411],[-156.61958,21.02417],[-156.61955,21.02415],[-156.61952,21.02419],[-156.61948,21.02417],[-156.61951,21.02416],[-156.61951,21.02411],[-156.61942,21.02413],[-156.61947,21.02423],[-156.61941,21.02425],[-156.61939,21.02418],[-156.61935,21.0242],[-156.61935,21.02417],[-156.61926,21.02414],[-156.61928,21.02411],[-156.6192,21.02409],[-156.61913,21.02394],[-156.61914,21.0239],[-156.61902,21.02388],[-156.61889,21.02397],[-156.61887,21.02407],[-156.61893,21.02408],[-156.61895,21.02413],[-156.61892,21.02424],[-156.61885,21.02428],[-156.61889,21.02428],[-156.61891,21.02432],[-156.61888,21.0243],[-156.61887,21.02434],[-156.61889,21.02434],[-156.61882,21.02438],[-156.6188,21.02446],[-156.61872,21.02445],[-156.61864,21.02439],[-156.61847,21.02438],[-156.61847,21.02434],[-156.61833,21.02437],[-156.61833,21.02432],[-156.618,21.0243],[-156.61794,21.02432],[-156.61789,21.0243],[-156.6179,21.02427],[-156.61766,21.02435],[-156.61757,21.02432],[-156.61754,21.02441],[-156.61749,21.02444],[-156.61737,21.02443],[-156.61743,21.0244],[-156.61737,21.02438],[-156.61736,21.02441],[-156.61731,21.02441],[-156.61732,21.02437],[-156.61728,21.02438],[-156.61726,21.02434],[-156.61723,21.02438],[-156.6172,21.02434],[-156.61711,21.02435],[-156.61693,21.02438],[-156.61685,21.02443],[-156.61593,21.02442],[-156.61575,21.02432],[-156.61568,21.02434],[-156.61554,21.02429],[-156.6155,21.02431],[-156.6155,21.02426],[-156.61545,21.02425],[-156.61533,21.02424],[-156.61525,21.02426],[-156.61526,21.0242],[-156.61517,21.02422],[-156.61517,21.02417],[-156.6152,21.02417],[-156.61519,21.02414],[-156.61511,21.02412],[-156.61505,21.02404],[-156.61493,21.02405],[-156.6149,21.02403],[-156.61488,21.02405],[-156.61483,21.024],[-156.61464,21.02392],[-156.61459,21.02394],[-156.61458,21.02389],[-156.61455,21.02391],[-156.61451,21.02386],[-156.61441,21.02383],[-156.61438,21.02378],[-156.61423,21.02368],[-156.61402,21.02368],[-156.61392,21.02353],[-156.61375,21.0235],[-156.61373,21.02344],[-156.61363,21.02339],[-156.61353,21.02339],[-156.61339,21.02332],[-156.61325,21.02331],[-156.61319,21.02335],[-156.61315,21.0233],[-156.61294,21.02331],[-156.61291,21.02326],[-156.61286,21.02329],[-156.61278,21.02325],[-156.6127,21.02328],[-156.61261,21.02318],[-156.61245,21.02309],[-156.61238,21.02297],[-156.61232,21.02297],[-156.61223,21.02287],[-156.61219,21.02288],[-156.61219,21.02283],[-156.61213,21.02282],[-156.61201,21.02269],[-156.61189,21.02271],[-156.61187,21.0227],[-156.61192,21.02266],[-156.61188,21.02258],[-156.61179,21.02258],[-156.61179,21.02253],[-156.61173,21.02251],[-156.61169,21.02244],[-156.61145,21.02231],[-156.61143,21.02226],[-156.61136,21.02225],[-156.61123,21.02214],[-156.61099,21.02182],[-156.61099,21.02177],[-156.61092,21.02175],[-156.61057,21.02141],[-156.61057,21.02137],[-156.61052,21.02138],[-156.61051,21.02133],[-156.61047,21.02134],[-156.61045,21.02128],[-156.61019,21.02118],[-156.6099,21.02115],[-156.60973,21.02118],[-156.6093,21.0214],[-156.60912,21.02154],[-156.60901,21.0217],[-156.60892,21.02192],[-156.60894,21.02211],[-156.60899,21.02216],[-156.60838,21.02482],[-156.60834,21.02482],[-156.60836,21.02478],[-156.60831,21.02477],[-156.60822,21.02483],[-156.6082,21.02476],[-156.60817,21.0248],[-156.60819,21.02482],[-156.60816,21.02479],[-156.60816,21.02483],[-156.60811,21.02483],[-156.60808,21.0248],[-156.60806,21.02484],[-156.608,21.02482],[-156.60799,21.02486],[-156.6079,21.02486],[-156.60791,21.02489],[-156.60785,21.02495],[-156.60788,21.02499],[-156.60788,21.02507],[-156.60792,21.0251],[-156.60788,21.0251],[-156.60791,21.02514],[-156.60784,21.02515],[-156.60788,21.0252],[-156.60787,21.02532],[-156.60775,21.02531],[-156.60773,21.02538],[-156.60769,21.02542],[-156.60773,21.02563],[-156.60769,21.02567],[-156.60766,21.02566],[-156.60768,21.0257],[-156.60759,21.02574],[-156.60761,21.02579],[-156.60757,21.0258],[-156.60759,21.02584],[-156.60753,21.02583],[-156.60758,21.02591],[-156.60753,21.02604],[-156.60754,21.02611],[-156.60749,21.02618],[-156.60743,21.02613],[-156.60736,21.02616],[-156.60743,21.02606],[-156.60734,21.02604],[-156.60739,21.02607],[-156.60736,21.02612],[-156.60728,21.02609],[-156.60725,21.02605],[-156.60727,21.02602],[-156.60718,21.02594],[-156.60712,21.02595],[-156.60711,21.02598],[-156.60707,21.02596],[-156.60702,21.02601],[-156.60705,21.02604],[-156.60703,21.02607],[-156.60714,21.02619],[-156.60706,21.02622],[-156.60682,21.02651],[-156.60675,21.02654],[-156.60675,21.02659],[-156.60664,21.02661],[-156.60657,21.0268],[-156.60653,21.02681],[-156.60644,21.02678],[-156.60641,21.02681],[-156.60598,21.02687],[-156.60592,21.02691],[-156.60579,21.02708],[-156.6056,21.02723],[-156.60421,21.02786],[-156.60338,21.03077],[-156.60332,21.03078],[-156.60327,21.03085],[-156.6033,21.03093],[-156.60328,21.03102],[-156.6033,21.03106],[-156.60322,21.03135],[-156.6032,21.0313],[-156.60319,21.03136],[-156.60318,21.03133],[-156.6031,21.03132],[-156.603,21.03135],[-156.60294,21.03132],[-156.60294,21.03135],[-156.60287,21.03136],[-156.60286,21.0314],[-156.60277,21.03139],[-156.60275,21.03145],[-156.60165,21.03144],[-156.60147,21.03138],[-156.60135,21.03143],[-156.60132,21.03137],[-156.60128,21.03137],[-156.60126,21.03132],[-156.60121,21.03133],[-156.60121,21.03138],[-156.60119,21.03138],[-156.60112,21.03131],[-156.6011,21.03124],[-156.60108,21.0313],[-156.60105,21.03129],[-156.60106,21.03123],[-156.60103,21.03119],[-156.60098,21.03121],[-156.60095,21.03112],[-156.6009,21.03114],[-156.60093,21.0311],[-156.60089,21.03108],[-156.60089,21.03103],[-156.60082,21.03103],[-156.60081,21.03098],[-156.60072,21.03094],[-156.60067,21.03096],[-156.60045,21.03095],[-156.60041,21.03101],[-156.60045,21.03109],[-156.60031,21.03107],[-156.60032,21.03052],[-156.5995,21.03066],[-156.59933,21.03058],[-156.59912,21.03058],[-156.59914,21.03063],[-156.59912,21.03065],[-156.59905,21.03064],[-156.59897,21.0307],[-156.59899,21.03065],[-156.59894,21.03065],[-156.59896,21.03061],[-156.59902,21.0306],[-156.59894,21.03058],[-156.59886,21.03063],[-156.59879,21.03056],[-156.5986,21.03061],[-156.59858,21.03058],[-156.59858,21.03064],[-156.59849,21.03064],[-156.59844,21.0306],[-156.59831,21.03058],[-156.59817,21.03059],[-156.59814,21.03067],[-156.5981,21.03063],[-156.59805,21.03066],[-156.59785,21.03062],[-156.59781,21.03063],[-156.59781,21.03068],[-156.59773,21.03069],[-156.59776,21.03074],[-156.59769,21.03078],[-156.59767,21.03076],[-156.59772,21.03072],[-156.59771,21.03069],[-156.59762,21.03067],[-156.59752,21.0306],[-156.59748,21.03061],[-156.59746,21.03058],[-156.59744,21.03062],[-156.59735,21.03059],[-156.59732,21.03064],[-156.59732,21.03059],[-156.59726,21.03058],[-156.59719,21.03059],[-156.5972,21.03063],[-156.59715,21.0306],[-156.59713,21.03064],[-156.59711,21.03063],[-156.59702,21.03079],[-156.59699,21.03074],[-156.59699,21.03081],[-156.59703,21.03084],[-156.59701,21.03086],[-156.59694,21.03077],[-156.5969,21.03079],[-156.5969,21.03084],[-156.59686,21.0308],[-156.59682,21.03084],[-156.59679,21.03082],[-156.59676,21.03085],[-156.59673,21.03082],[-156.59666,21.03084],[-156.59649,21.03096],[-156.59629,21.03099],[-156.5962,21.03095],[-156.59609,21.03105],[-156.59599,21.03103],[-156.59591,21.03107],[-156.59587,21.03104],[-156.59589,21.03102],[-156.59582,21.03099],[-156.59582,21.03096],[-156.59574,21.03097],[-156.59573,21.03094],[-156.5957,21.03097],[-156.59563,21.03086],[-156.59558,21.03086],[-156.59563,21.03084],[-156.59563,21.03081],[-156.59558,21.0308],[-156.59559,21.03073],[-156.59547,21.03074],[-156.59543,21.03069],[-156.59527,21.03063],[-156.59518,21.03065],[-156.5952,21.03061],[-156.59516,21.03058],[-156.59508,21.03057],[-156.59501,21.0306],[-156.59497,21.03058],[-156.59496,21.03052],[-156.59492,21.03051],[-156.59478,21.03039],[-156.59439,21.03028],[-156.5936,21.02952],[-156.5935,21.02954],[-156.59346,21.02947],[-156.59332,21.02942],[-156.5932,21.02928],[-156.59304,21.02921],[-156.59258,21.02922],[-156.59239,21.02913],[-156.5923,21.02903],[-156.59208,21.02901],[-156.59174,21.02906],[-156.59163,21.02914],[-156.59167,21.02936],[-156.59163,21.02956],[-156.59158,21.0296],[-156.59158,21.02964],[-156.59145,21.02975],[-156.59127,21.02974],[-156.59125,21.02965],[-156.59117,21.02973],[-156.59115,21.02971],[-156.591,21.02986],[-156.59094,21.02983],[-156.59085,21.02984],[-156.5908,21.02989],[-156.59072,21.02991],[-156.5907,21.02973],[-156.59086,21.02944],[-156.59075,21.02936],[-156.59062,21.02936],[-156.59039,21.02946],[-156.59034,21.02954],[-156.59023,21.02959],[-156.59023,21.02962],[-156.59015,21.02954],[-156.59004,21.02959],[-156.59,21.02956],[-156.59001,21.02953],[-156.58998,21.02954],[-156.58998,21.02957],[-156.58993,21.02953],[-156.58992,21.02957],[-156.58989,21.02953],[-156.58977,21.0296],[-156.58978,21.02965],[-156.58976,21.02961],[-156.58972,21.0296],[-156.5897,21.02963],[-156.58968,21.02961],[-156.58965,21.02966],[-156.5896,21.02964],[-156.58958,21.02967],[-156.5895,21.02967],[-156.58942,21.02971],[-156.58941,21.02974],[-156.58944,21.02973],[-156.58944,21.02975],[-156.5894,21.02974],[-156.5894,21.02977],[-156.58937,21.02974],[-156.58935,21.02982],[-156.58931,21.02981],[-156.58929,21.02986],[-156.58923,21.02989],[-156.58919,21.03001],[-156.58911,21.03005],[-156.58909,21.03014],[-156.58912,21.03017],[-156.58909,21.03017],[-156.58904,21.03024],[-156.58906,21.0303],[-156.58878,21.03035],[-156.58862,21.0288],[-156.58867,21.02874],[-156.58867,21.02857],[-156.58876,21.02852],[-156.58877,21.02847],[-156.58874,21.02835],[-156.58869,21.02838],[-156.58858,21.02837],[-156.58855,21.02812],[-156.58861,21.02794],[-156.58861,21.02791],[-156.58853,21.0279],[-156.5885,21.02765],[-156.58857,21.02747],[-156.58849,21.02721],[-156.5885,21.02716],[-156.58845,21.02712],[-156.58841,21.02677],[-156.58849,21.02669],[-156.58858,21.0265],[-156.58867,21.02649],[-156.58884,21.02628],[-156.58914,21.02608],[-156.58905,21.02604],[-156.58905,21.02606],[-156.589,21.02608],[-156.58902,21.02603],[-156.589,21.02601],[-156.58906,21.02595],[-156.58902,21.02592],[-156.58903,21.02586],[-156.589,21.02589],[-156.58901,21.02583],[-156.58904,21.02582],[-156.58901,21.02581],[-156.58904,21.02579],[-156.58905,21.02574],[-156.58902,21.02571],[-156.58905,21.02569],[-156.58902,21.02568],[-156.58905,21.02565],[-156.58901,21.02564],[-156.58904,21.02562],[-156.58901,21.02558],[-156.58903,21.02553],[-156.58874,21.02513],[-156.5888,21.0251],[-156.58878,21.02504],[-156.5888,21.02497],[-156.58876,21.02493],[-156.58879,21.02488],[-156.58873,21.02477],[-156.58875,21.02467],[-156.58869,21.0246],[-156.58871,21.02457],[-156.5887,21.02448],[-156.58861,21.02445],[-156.58863,21.02443],[-156.58858,21.02437],[-156.5885,21.02435],[-156.58838,21.02423],[-156.58838,21.02421],[-156.58829,21.02417],[-156.58827,21.0242],[-156.58821,21.02409],[-156.58819,21.0241],[-156.58814,21.02406],[-156.58795,21.02221],[-156.5865,21.02219],[-156.58649,21.02216],[-156.58646,21.02219],[-156.58642,21.02219],[-156.58643,21.02211],[-156.58636,21.02208],[-156.58622,21.0221],[-156.58623,21.02213],[-156.58619,21.02217],[-156.5861,21.02212],[-156.58603,21.02213],[-156.58596,21.02207],[-156.58595,21.02209],[-156.58597,21.02204],[-156.58592,21.02202],[-156.5859,21.0219],[-156.58587,21.02192],[-156.58586,21.02196],[-156.5858,21.02197],[-156.5858,21.02202],[-156.58575,21.02194],[-156.58574,21.02201],[-156.5857,21.02201],[-156.58567,21.02195],[-156.58574,21.02192],[-156.58573,21.02185],[-156.58579,21.02186],[-156.58578,21.02182],[-156.58568,21.02179],[-156.58568,21.02177],[-156.58562,21.0218],[-156.58562,21.02176],[-156.58555,21.02175],[-156.58549,21.02163],[-156.58532,21.02152],[-156.58523,21.02151],[-156.58515,21.02161],[-156.5852,21.02162],[-156.58521,21.02158],[-156.58524,21.02163],[-156.58509,21.02164],[-156.58509,21.02161],[-156.58513,21.02161],[-156.58507,21.02161],[-156.58508,21.02121],[-156.58511,21.02122],[-156.58531,21.02105],[-156.58543,21.02103],[-156.58551,21.02083],[-156.58544,21.02071],[-156.58535,21.02066],[-156.58528,21.02067],[-156.58526,21.02073],[-156.58509,21.02074],[-156.58509,21.02052],[-156.58511,21.02053],[-156.58512,21.02048],[-156.58509,21.02043],[-156.58511,21.01947],[-156.58429,21.0192],[-156.58423,21.01913],[-156.58409,21.01911],[-156.58402,21.01904],[-156.58407,21.01896],[-156.58406,21.01893],[-156.58402,21.01895],[-156.58404,21.01888],[-156.584,21.01888],[-156.584,21.01886],[-156.58376,21.01867],[-156.58362,21.01859],[-156.58351,21.01849],[-156.58342,21.01848],[-156.58344,21.01846],[-156.58339,21.01839],[-156.58331,21.01838],[-156.5833,21.01832],[-156.58315,21.01828],[-156.58307,21.01834],[-156.58301,21.01834],[-156.58277,21.01806],[-156.58269,21.01802],[-156.58257,21.01804],[-156.58263,21.0179],[-156.58257,21.01783],[-156.58252,21.01783],[-156.58215,21.01751],[-156.58193,21.01737],[-156.58186,21.01737],[-156.58155,21.01719],[-156.5813,21.0167],[-156.581,21.01672],[-156.58045,21.01657],[-156.58039,21.01658],[-156.58039,21.01656],[-156.58027,21.01656],[-156.58012,21.01647],[-156.57998,21.01644],[-156.57905,21.01632],[-156.57872,21.01636],[-156.5786,21.01645],[-156.57861,21.01648],[-156.57854,21.01645],[-156.57853,21.01648],[-156.57857,21.0165],[-156.57853,21.0165],[-156.57853,21.01654],[-156.57847,21.01655],[-156.57843,21.01659],[-156.57835,21.01659],[-156.57833,21.01662],[-156.57832,21.01657],[-156.57827,21.01659],[-156.57828,21.01656],[-156.57826,21.01657],[-156.57821,21.01653],[-156.57818,21.01655],[-156.57815,21.01651],[-156.57777,21.01651],[-156.57766,21.0166],[-156.57736,21.01674],[-156.57735,21.01679],[-156.57726,21.01684],[-156.57722,21.0169],[-156.57718,21.01686],[-156.57715,21.01687],[-156.57716,21.01695],[-156.57711,21.01696],[-156.57712,21.01693],[-156.57709,21.01692],[-156.57699,21.01701],[-156.57123,21.01742],[-156.57125,21.0174],[-156.57117,21.01735],[-156.57109,21.01733],[-156.57107,21.01735],[-156.57103,21.01732],[-156.57098,21.01733],[-156.57102,21.01736],[-156.57098,21.01736],[-156.57099,21.01739],[-156.57091,21.01732],[-156.57092,21.01729],[-156.57089,21.0173],[-156.57084,21.01727],[-156.57084,21.01718],[-156.57079,21.01711],[-156.5706,21.01705],[-156.5706,21.01703],[-156.57051,21.01699],[-156.57047,21.01691],[-156.57034,21.01683],[-156.5703,21.01684],[-156.57019,21.01668],[-156.5701,21.01662],[-156.57008,21.01651],[-156.57004,21.01653],[-156.57011,21.01645],[-156.5701,21.01642],[-156.56993,21.01626],[-156.56988,21.01626],[-156.56989,21.01623],[-156.56984,21.01623],[-156.56983,21.01618],[-156.5698,21.01619],[-156.56974,21.01614],[-156.56973,21.0161],[-156.56962,21.01606],[-156.56962,21.01601],[-156.56956,21.01596],[-156.5695,21.01596],[-156.5695,21.01593],[-156.56939,21.01598],[-156.56942,21.01593],[-156.56934,21.01589],[-156.56931,21.0159],[-156.56931,21.01587],[-156.56929,21.0159],[-156.56923,21.0159],[-156.56923,21.01587],[-156.56927,21.01587],[-156.56924,21.01585],[-156.56911,21.0159],[-156.56907,21.0158],[-156.56894,21.01573],[-156.56876,21.01556],[-156.56871,21.01526],[-156.56881,21.01504],[-156.56882,21.01489],[-156.56876,21.01493],[-156.56874,21.0149],[-156.5687,21.01491],[-156.56869,21.01487],[-156.56873,21.01486],[-156.56871,21.01483],[-156.56874,21.01479],[-156.5687,21.01475],[-156.5687,21.01479],[-156.56866,21.0148],[-156.56865,21.01471],[-156.56861,21.01474],[-156.56855,21.01471],[-156.56852,21.01473],[-156.5685,21.01466],[-156.56852,21.01469],[-156.56853,21.01457],[-156.5685,21.01458],[-156.56846,21.01455],[-156.56842,21.01458],[-156.56836,21.01455],[-156.56842,21.01446],[-156.56843,21.01441],[-156.56839,21.01437],[-156.56843,21.01437],[-156.56842,21.01432],[-156.56837,21.01433],[-156.56838,21.0143],[-156.56834,21.01426],[-156.56837,21.01423],[-156.56834,21.01424],[-156.56832,21.01419],[-156.56814,21.01406],[-156.56813,21.01409],[-156.56811,21.01406],[-156.56808,21.01409],[-156.56808,21.01405],[-156.56803,21.01405],[-156.56806,21.01394],[-156.5679,21.01386],[-156.56786,21.01388],[-156.56784,21.01387],[-156.56787,21.01384],[-156.56778,21.0138],[-156.56774,21.01382],[-156.56771,21.01375],[-156.56765,21.01374],[-156.56768,21.01373],[-156.56758,21.01367],[-156.56747,21.01348],[-156.56753,21.01334],[-156.56746,21.01333],[-156.56748,21.01328],[-156.5674,21.01329],[-156.56739,21.01323],[-156.5672,21.01311],[-156.56717,21.01303],[-156.56712,21.01301],[-156.56715,21.01297],[-156.56712,21.01296],[-156.56712,21.0129],[-156.56706,21.01284],[-156.56708,21.01279],[-156.56704,21.01267],[-156.56699,21.01265],[-156.56695,21.01266],[-156.56696,21.01198],[-156.56638,21.01197],[-156.5662,21.0119],[-156.5661,21.01181],[-156.56562,21.01161],[-156.56552,21.01163],[-156.56549,21.01171],[-156.56545,21.01168],[-156.56542,21.01169],[-156.56542,21.01172],[-156.56537,21.01177],[-156.56511,21.01181],[-156.56503,21.01186],[-156.56497,21.01184],[-156.56498,21.01191],[-156.56501,21.01191],[-156.56498,21.01193],[-156.56495,21.01188],[-156.56487,21.01187],[-156.5648,21.01195],[-156.56474,21.01195],[-156.56423,21.01194],[-156.56426,21.01183],[-156.56423,21.0118],[-156.56421,21.01185],[-156.56408,21.01186],[-156.56406,21.01182],[-156.56383,21.01178],[-156.56371,21.01186],[-156.56362,21.01181],[-156.5635,21.01181],[-156.56346,21.01177],[-156.56342,21.01177],[-156.5633,21.01171],[-156.56326,21.0117],[-156.56326,21.01173],[-156.56316,21.01165],[-156.56306,21.01163],[-156.56295,21.01165],[-156.56289,21.0117],[-156.56283,21.01164],[-156.56276,21.0117],[-156.56266,21.0117],[-156.56261,21.01173],[-156.56262,21.01176],[-156.56255,21.01178],[-156.56251,21.01186],[-156.56242,21.01184],[-156.56239,21.01189],[-156.56234,21.01188],[-156.56229,21.01177],[-156.56223,21.01182],[-156.56211,21.01181],[-156.56206,21.01188],[-156.562,21.01188],[-156.56198,21.01186],[-156.56199,21.01177],[-156.56196,21.01174],[-156.56186,21.01173],[-156.56183,21.01176],[-156.56179,21.01173],[-156.56159,21.01182],[-156.56152,21.01191],[-156.56119,21.0119],[-156.56118,21.01242],[-156.5611,21.01247],[-156.56105,21.01255],[-156.56106,21.01246],[-156.56097,21.01242],[-156.56077,21.0125],[-156.56049,21.0125],[-156.56047,21.01263],[-156.55974,21.01244],[-156.55974,21.01242],[-156.5598,21.01241],[-156.5599,21.01233],[-156.55994,21.01222],[-156.55987,21.01216],[-156.55977,21.01213],[-156.55968,21.01197],[-156.55953,21.01189],[-156.55936,21.01189],[-156.55927,21.01198],[-156.55916,21.0121],[-156.5592,21.01223],[-156.55917,21.0123],[-156.55914,21.01229],[-156.55916,21.01222],[-156.55913,21.0122],[-156.55908,21.01228],[-156.5589,21.01223],[-156.55889,21.01219],[-156.55887,21.01223],[-156.55879,21.01221],[-156.55875,21.01216],[-156.55871,21.01218],[-156.55862,21.01217],[-156.55866,21.01204],[-156.55872,21.01198],[-156.55867,21.01187],[-156.55873,21.01177],[-156.55872,21.01174],[-156.55865,21.01176],[-156.55858,21.01164],[-156.55863,21.01165],[-156.55864,21.01173],[-156.55867,21.01173],[-156.55873,21.0116],[-156.55871,21.01157],[-156.55865,21.01157],[-156.55859,21.01161],[-156.55856,21.01141],[-156.55848,21.01136],[-156.55836,21.01141],[-156.55834,21.01147],[-156.55827,21.01147],[-156.5583,21.01155],[-156.55828,21.01155],[-156.55832,21.01157],[-156.55828,21.01159],[-156.5583,21.01165],[-156.55826,21.01157],[-156.55822,21.01156],[-156.5582,21.01159],[-156.55823,21.01161],[-156.5582,21.01164],[-156.55825,21.01176],[-156.55822,21.01176],[-156.5582,21.0118],[-156.55824,21.01185],[-156.55822,21.0119],[-156.55825,21.01192],[-156.55818,21.01202],[-156.55816,21.01196],[-156.55811,21.01196],[-156.55809,21.01192],[-156.55805,21.01199],[-156.55802,21.01199],[-156.55799,21.01194],[-156.55795,21.012],[-156.5579,21.01198],[-156.5579,21.01194],[-156.55785,21.01197],[-156.55745,21.01187],[-156.5575,21.01175],[-156.55749,21.01171],[-156.55752,21.0117],[-156.55752,21.01172],[-156.55758,21.01174],[-156.55758,21.01166],[-156.55754,21.01168],[-156.55752,21.01167],[-156.55753,21.01159],[-156.55756,21.01164],[-156.55759,21.01161],[-156.55761,21.0114],[-156.55768,21.01127],[-156.55774,21.01125],[-156.55771,21.01115],[-156.55775,21.01109],[-156.55775,21.011],[-156.55778,21.01092],[-156.5577,21.01086],[-156.5577,21.01076],[-156.5578,21.01059],[-156.55779,21.01053],[-156.55771,21.01047],[-156.55768,21.01026],[-156.55759,21.01014],[-156.55755,21.01013],[-156.55747,21.01019],[-156.55743,21.01015],[-156.5574,21.01019],[-156.55737,21.01019],[-156.5574,21.00973],[-156.55735,21.00963],[-156.55716,21.00966],[-156.55691,21.00989],[-156.55607,21.00961],[-156.55603,21.00954],[-156.55602,21.00939],[-156.55598,21.00938],[-156.55597,21.00934],[-156.55587,21.00936],[-156.55581,21.00927],[-156.55586,21.00922],[-156.55593,21.00923],[-156.55593,21.00926],[-156.55597,21.00925],[-156.55598,21.0093],[-156.55603,21.00921],[-156.55598,21.00914],[-156.55588,21.00916],[-156.55589,21.00913],[-156.556,21.00907],[-156.55596,21.00889],[-156.55597,21.0088],[-156.55595,21.00875],[-156.55579,21.00864],[-156.55558,21.00869],[-156.55547,21.00865],[-156.55539,21.00867],[-156.55532,21.00873],[-156.55529,21.00884],[-156.55518,21.00886],[-156.55518,21.00889],[-156.55521,21.00888],[-156.55519,21.00892],[-156.55523,21.0089],[-156.55519,21.00903],[-156.55508,21.00909],[-156.55503,21.00916],[-156.55496,21.00916],[-156.55507,21.00895],[-156.55517,21.00892],[-156.55513,21.00883],[-156.55506,21.00888],[-156.55501,21.00883],[-156.55506,21.00876],[-156.555,21.00872],[-156.55503,21.0087],[-156.55508,21.00872],[-156.55511,21.00866],[-156.55499,21.00863],[-156.55489,21.00877],[-156.55481,21.00874],[-156.55484,21.00865],[-156.55492,21.00858],[-156.55487,21.00856],[-156.55489,21.00855],[-156.55482,21.00857],[-156.55476,21.00837],[-156.55471,21.00835],[-156.55478,21.00813],[-156.55488,21.00802],[-156.55484,21.00802],[-156.55489,21.00796],[-156.55499,21.00792],[-156.55513,21.00792],[-156.5551,21.00787],[-156.55506,21.00789],[-156.55507,21.00785],[-156.55517,21.00787],[-156.55522,21.00782],[-156.55528,21.00782],[-156.5553,21.00775],[-156.55537,21.00772],[-156.55537,21.00767],[-156.55514,21.00764],[-156.55523,21.00752],[-156.55522,21.00749],[-156.55503,21.00761],[-156.55499,21.00743],[-156.55508,21.00739],[-156.55512,21.00729],[-156.55519,21.0072],[-156.55517,21.00711],[-156.55514,21.00712],[-156.55516,21.00721],[-156.5551,21.00718],[-156.55509,21.00714],[-156.55513,21.00705],[-156.55519,21.00702],[-156.55512,21.00693],[-156.55529,21.00634],[-156.5555,21.00609],[-156.55564,21.00605],[-156.55565,21.00594],[-156.5556,21.00587],[-156.55555,21.00586],[-156.55555,21.00583],[-156.55551,21.00581],[-156.55549,21.00585],[-156.55548,21.00582],[-156.55544,21.0058],[-156.55552,21.0055],[-156.55491,21.00549],[-156.55491,21.00542],[-156.55486,21.00543],[-156.55487,21.00546],[-156.55483,21.00543],[-156.55485,21.00538],[-156.5549,21.0054],[-156.55485,21.00529],[-156.55476,21.00526],[-156.55472,21.00519],[-156.55457,21.0052],[-156.55457,21.00498],[-156.55464,21.00501],[-156.5547,21.00492],[-156.55466,21.00487],[-156.5548,21.0048],[-156.55476,21.00478],[-156.55479,21.00473],[-156.55475,21.0047],[-156.55478,21.00466],[-156.55476,21.00455],[-156.55468,21.0045],[-156.55463,21.00453],[-156.5546,21.0045],[-156.55458,21.00451],[-156.55458,21.00429],[-156.55473,21.00409],[-156.55459,21.004],[-156.55461,21.00278],[-156.55349,21.00223],[-156.55349,21.0022],[-156.55345,21.00221],[-156.55346,21.00218],[-156.5535,21.00216],[-156.55346,21.00208],[-156.55343,21.00209],[-156.55339,21.00204],[-156.55337,21.00207],[-156.55338,21.00203],[-156.55331,21.00198],[-156.55332,21.00191],[-156.55329,21.00191],[-156.55329,21.00188],[-156.55326,21.00192],[-156.55324,21.00185],[-156.55319,21.00182],[-156.55321,21.00178],[-156.55314,21.00173],[-156.55314,21.0017],[-156.55321,21.00158],[-156.55313,21.00158],[-156.55316,21.00148],[-156.55314,21.00144],[-156.55313,21.00148],[-156.55312,21.00148],[-156.55312,21.00143],[-156.55309,21.00143],[-156.55311,21.0014],[-156.55308,21.00138],[-156.5531,21.00135],[-156.55301,21.00131],[-156.55305,21.00126],[-156.553,21.00126],[-156.553,21.00121],[-156.55297,21.00125],[-156.55294,21.00124],[-156.55299,21.00116],[-156.55291,21.0011],[-156.55292,21.00105],[-156.55287,21.00107],[-156.55285,21.00103],[-156.55284,21.00104],[-156.55282,21.00099],[-156.55287,21.00096],[-156.55285,21.00091],[-156.55288,21.00091],[-156.55287,21.00086],[-156.55292,21.00084],[-156.5529,21.0008],[-156.55286,21.00081],[-156.55288,21.00077],[-156.55285,21.00069],[-156.55281,21.00069],[-156.5528,21.00064],[-156.55274,21.00065],[-156.55276,21.00061],[-156.55272,21.0006],[-156.55274,21.00054],[-156.55272,21.00054],[-156.55272,21.0005],[-156.55276,21.00048],[-156.55272,21.00037],[-156.55278,21.00023],[-156.55272,21.00017],[-156.55273,20.99986],[-156.55277,20.99985],[-156.55274,20.99984],[-156.55273,20.99976],[-156.55274,20.99914],[-156.55214,20.99899],[-156.55198,20.99888],[-156.55163,20.9988],[-156.5516,20.99876],[-156.55153,20.99881],[-156.55149,20.99881],[-156.55147,20.99878],[-156.55146,20.99882],[-156.55143,20.99881],[-156.55144,20.99874],[-156.55136,20.99876],[-156.55141,20.99861],[-156.55135,20.99865],[-156.55131,20.9986],[-156.55128,20.99862],[-156.55129,20.99851],[-156.55123,20.99853],[-156.55122,20.9985],[-156.55123,20.99847],[-156.55126,20.99847],[-156.55128,20.99843],[-156.55122,20.99843],[-156.55127,20.99831],[-156.55121,20.99829],[-156.55119,20.99819],[-156.5511,20.99809],[-156.55085,20.99799],[-156.5502,20.99794],[-156.54996,20.99797],[-156.54941,20.99817],[-156.54936,20.99829],[-156.54891,20.99818],[-156.54868,20.9988],[-156.54841,20.9989],[-156.54833,20.99899],[-156.54835,20.99903],[-156.5483,20.99903],[-156.5482,20.99913],[-156.54819,20.99919],[-156.54816,20.99919],[-156.54817,20.99924],[-156.5481,20.9993],[-156.54808,20.99937],[-156.54799,20.99941],[-156.54793,20.99949],[-156.54794,20.99951],[-156.5479,20.99952],[-156.54794,20.99958],[-156.54787,20.99962],[-156.54792,20.99967],[-156.54785,20.99973],[-156.54783,20.99987],[-156.54774,20.99999],[-156.54776,21.00001],[-156.54766,21.00006],[-156.54765,21.0001],[-156.54749,21.00023],[-156.54743,21.00042],[-156.54747,21.00046],[-156.54743,21.00049],[-156.54744,21.00051],[-156.5474,21.0006],[-156.54731,21.00072],[-156.54726,21.00093],[-156.54722,21.00095],[-156.54726,21.00107],[-156.54716,21.00111],[-156.54719,21.00127],[-156.54714,21.00134],[-156.54538,21.0024],[-156.54533,21.00239],[-156.54533,21.00235],[-156.54526,21.0023],[-156.54523,21.00234],[-156.54522,21.00228],[-156.54517,21.0023],[-156.54517,21.00225],[-156.54526,21.00224],[-156.54519,21.00214],[-156.54519,21.00206],[-156.54508,21.00202],[-156.54508,21.00199],[-156.54505,21.00197],[-156.54488,21.00201],[-156.54483,21.002],[-156.54486,21.00204],[-156.54478,21.00202],[-156.54408,20.99992],[-156.54379,20.99978],[-156.54375,20.99948],[-156.54362,20.99925],[-156.54351,20.99915],[-156.54338,20.99915],[-156.54334,20.99912],[-156.5433,20.99913],[-156.54329,20.99917],[-156.54321,20.99911],[-156.54314,20.9991],[-156.54313,20.99907],[-156.54305,20.99906],[-156.54301,20.99901],[-156.54298,20.99903],[-156.54287,20.99901],[-156.54284,20.99895],[-156.54288,20.99891],[-156.54283,20.99884],[-156.54258,20.9989],[-156.54257,20.99883],[-156.54265,20.99885],[-156.54254,20.99879],[-156.54249,20.99873],[-156.54243,20.99876],[-156.5424,20.99886],[-156.54231,20.99894],[-156.54227,20.99887],[-156.54229,20.99874],[-156.54237,20.99863],[-156.54245,20.99862],[-156.54251,20.99851],[-156.54247,20.99848],[-156.54254,20.99831],[-156.5425,20.9983],[-156.54251,20.99823],[-156.54247,20.99821],[-156.54252,20.99821],[-156.54253,20.99815],[-156.5425,20.99814],[-156.54248,20.9981],[-156.54252,20.99811],[-156.54255,20.99808],[-156.54252,20.99802],[-156.54256,20.99804],[-156.54262,20.99799],[-156.54258,20.99797],[-156.54262,20.99796],[-156.54262,20.99789],[-156.54258,20.99784],[-156.5424,20.99791],[-156.54238,20.99783],[-156.54259,20.99772],[-156.54258,20.99766],[-156.54254,20.9976],[-156.54245,20.99759],[-156.54241,20.99755],[-156.5425,20.99713],[-156.54261,20.99701],[-156.54264,20.99683],[-156.54262,20.99671],[-156.54247,20.99638],[-156.5425,20.99617],[-156.54256,20.99605],[-156.54254,20.99571],[-156.54233,20.99531],[-156.54223,20.99522],[-156.54224,20.99447],[-156.54175,20.994],[-156.54178,20.99396],[-156.54169,20.99394],[-156.54116,20.99342],[-156.54118,20.99333],[-156.54114,20.99337],[-156.54111,20.99336],[-156.54115,20.99331],[-156.5411,20.99331],[-156.54113,20.99328],[-156.5411,20.99323],[-156.54099,20.99326],[-156.54094,20.99321],[-156.54105,20.99315],[-156.54086,20.99304],[-156.5409,20.99299],[-156.54094,20.99299],[-156.54097,20.99278],[-156.54084,20.99271],[-156.54088,20.99264],[-156.54083,20.99262],[-156.54087,20.99259],[-156.54091,20.99246],[-156.54102,20.99247],[-156.54112,20.99245],[-156.54116,20.99241],[-156.54115,20.99227],[-156.54105,20.99231],[-156.54096,20.99229],[-156.54092,20.99225],[-156.54094,20.99222],[-156.54104,20.99221],[-156.54111,20.99214],[-156.54094,20.99214],[-156.54035,20.99223],[-156.54039,20.98993],[-156.53952,20.98964],[-156.53955,20.98952],[-156.5396,20.98947],[-156.53946,20.98923],[-156.53926,20.98898],[-156.53897,20.98879],[-156.53878,20.98876],[-156.53861,20.98884],[-156.53815,20.98894],[-156.53793,20.98912],[-156.53752,20.98899],[-156.53751,20.98887],[-156.53749,20.98886],[-156.53748,20.98888],[-156.53719,20.98816],[-156.53722,20.98815],[-156.53724,20.98805],[-156.53715,20.98806],[-156.5372,20.98773],[-156.53713,20.98776],[-156.53714,20.98764],[-156.53712,20.98763],[-156.53709,20.98768],[-156.53705,20.98764],[-156.53716,20.98741],[-156.53713,20.98723],[-156.53715,20.98691],[-156.53721,20.98674],[-156.53711,20.9866],[-156.53705,20.98654],[-156.53698,20.98654],[-156.53692,20.98646],[-156.53696,20.98625],[-156.53713,20.98594],[-156.53722,20.98566],[-156.53704,20.98569],[-156.53703,20.98566],[-156.53678,20.98572],[-156.53657,20.98599],[-156.53652,20.98599],[-156.53655,20.98601],[-156.53649,20.98601],[-156.53641,20.98612],[-156.53635,20.98611],[-156.53627,20.9859],[-156.53637,20.98576],[-156.53641,20.98566],[-156.53635,20.98556],[-156.53627,20.98551],[-156.53624,20.98555],[-156.53612,20.98554],[-156.53615,20.98551],[-156.53611,20.98551],[-156.53568,20.98444],[-156.53354,20.98461],[-156.53343,20.98456],[-156.53304,20.98448],[-156.53267,20.98445],[-156.53252,20.9845],[-156.5324,20.9845],[-156.53184,20.98441],[-156.53089,20.98453],[-156.53065,20.98463],[-156.53021,20.98466],[-156.5301,20.98458],[-156.53,20.98465],[-156.52922,20.9847],[-156.52902,20.98475],[-156.52897,20.98498],[-156.52605,20.98521],[-156.52596,20.98474],[-156.52598,20.98474],[-156.52596,20.9847],[-156.52602,20.98463],[-156.52604,20.98448],[-156.52601,20.9844],[-156.52588,20.98436],[-156.52587,20.98429],[-156.52615,20.98423],[-156.52623,20.98429],[-156.52635,20.9842],[-156.52646,20.98417],[-156.52652,20.98419],[-156.52654,20.98413],[-156.52673,20.98404],[-156.52675,20.98398],[-156.52662,20.98387],[-156.5263,20.98377],[-156.52626,20.98369],[-156.52625,20.98347],[-156.52637,20.98329],[-156.52638,20.98322],[-156.52669,20.98292],[-156.5267,20.98283],[-156.52664,20.98278],[-156.52684,20.98271],[-156.52694,20.98258],[-156.52695,20.98253],[-156.52674,20.98239],[-156.52665,20.98237],[-156.52657,20.98241],[-156.52642,20.98242],[-156.52625,20.9825],[-156.52624,20.9824],[-156.52632,20.98239],[-156.52642,20.98233],[-156.52646,20.98226],[-156.52646,20.98221],[-156.52655,20.98209],[-156.52667,20.98212],[-156.5267,20.98217],[-156.52675,20.98214],[-156.52679,20.98177],[-156.5267,20.98134],[-156.5266,20.98114],[-156.52652,20.98113],[-156.52642,20.98119],[-156.52643,20.98113],[-156.52653,20.98093],[-156.52685,20.98064],[-156.5269,20.98049],[-156.52698,20.98016],[-156.52697,20.98007],[-156.5269,20.98003],[-156.52687,20.97991],[-156.5271,20.97981],[-156.52673,20.97969],[-156.52667,20.97958],[-156.5267,20.97941],[-156.52665,20.97933],[-156.52649,20.97931],[-156.52634,20.97934],[-156.52619,20.97951],[-156.52423,20.97886],[-156.52617,20.97799],[-156.52618,20.97718],[-156.52629,20.97701],[-156.52626,20.9768],[-156.52628,20.97629],[-156.5262,20.97607],[-156.5262,20.97581],[-156.5263,20.97569],[-156.52644,20.97558],[-156.52663,20.9755],[-156.52677,20.97529],[-156.52717,20.97529],[-156.5266,20.97171],[-156.52675,20.97166],[-156.52684,20.97157],[-156.52687,20.97133],[-156.5268,20.97121],[-156.52666,20.97106],[-156.52671,20.97079],[-156.52665,20.97051],[-156.52658,20.97044],[-156.52644,20.97045],[-156.5264,20.97047],[-156.52638,20.97033],[-156.52644,20.9702],[-156.5264,20.97016],[-156.52644,20.97015],[-156.52644,20.97006],[-156.52641,20.96987],[-156.52636,20.96987],[-156.52638,20.96982],[-156.52635,20.96981],[-156.52635,20.96975],[-156.52629,20.96975],[-156.52633,20.96973],[-156.52633,20.96967],[-156.52639,20.96963],[-156.52637,20.96956],[-156.52643,20.96951],[-156.52643,20.96944],[-156.52636,20.96918],[-156.52631,20.96918],[-156.52622,20.96911],[-156.52622,20.96901],[-156.5263,20.96902],[-156.52629,20.96894],[-156.52632,20.96887],[-156.52618,20.96851],[-156.52606,20.96835],[-156.52543,20.96443],[-156.52518,20.96427],[-156.52506,20.9641],[-156.52406,20.9632],[-156.52377,20.96308],[-156.52369,20.96295],[-156.52357,20.96287],[-156.52328,20.96272],[-156.52306,20.96275],[-156.52302,20.96281],[-156.523,20.96277],[-156.52298,20.96279],[-156.52297,20.96274],[-156.52303,20.96275],[-156.52301,20.96273],[-156.52306,20.96272],[-156.52291,20.96269],[-156.52292,20.96262],[-156.52288,20.9626],[-156.52255,20.96255],[-156.52249,20.96251],[-156.52244,20.9623],[-156.52225,20.96237],[-156.52213,20.96227],[-156.52205,20.96224],[-156.52204,20.96219],[-156.52199,20.9622],[-156.5218,20.96208],[-156.52172,20.96192],[-156.52166,20.96188],[-156.52171,20.96182],[-156.52149,20.96161],[-156.52143,20.96166],[-156.52135,20.96179],[-156.5213,20.96176],[-156.52135,20.9617],[-156.52121,20.96156],[-156.52109,20.96159],[-156.52109,20.96157],[-156.52114,20.96154],[-156.52108,20.96144],[-156.52104,20.96145],[-156.52099,20.96136],[-156.52099,20.96128],[-156.52091,20.9612],[-156.52093,20.96116],[-156.52088,20.96109],[-156.52081,20.96109],[-156.52082,20.96103],[-156.52077,20.96103],[-156.52083,20.96102],[-156.52078,20.96099],[-156.52082,20.96095],[-156.52077,20.96092],[-156.52079,20.96076],[-156.52076,20.9607],[-156.52068,20.96064],[-156.52065,20.96067],[-156.52067,20.96059],[-156.52053,20.96053],[-156.52029,20.96024],[-156.52028,20.96016],[-156.5202,20.96014],[-156.52008,20.96019],[-156.51996,20.96028],[-156.51973,20.96034],[-156.51975,20.95904],[-156.51984,20.95896],[-156.51982,20.95893],[-156.51982,20.95877],[-156.51978,20.95875],[-156.5198,20.9587],[-156.51976,20.9586],[-156.51977,20.95803],[-156.51747,20.9558],[-156.5175,20.95566],[-156.51742,20.95547],[-156.51726,20.95535],[-156.51721,20.95536],[-156.51713,20.95548],[-156.51703,20.95538],[-156.51709,20.95525],[-156.51698,20.95522],[-156.51697,20.95527],[-156.51695,20.95528],[-156.51694,20.95522],[-156.51689,20.95524],[-156.51638,20.95475],[-156.51631,20.95463],[-156.51627,20.95464],[-156.51618,20.95456],[-156.51622,20.95451],[-156.51616,20.95453],[-156.51622,20.95439],[-156.51618,20.95444],[-156.51611,20.95444],[-156.51612,20.95441],[-156.51616,20.95442],[-156.51615,20.95437],[-156.51621,20.95438],[-156.51616,20.95435],[-156.5162,20.95426],[-156.51611,20.95423],[-156.51615,20.95418],[-156.51612,20.95419],[-156.51614,20.95408],[-156.51616,20.95402],[-156.51628,20.95391],[-156.51631,20.95385],[-156.51629,20.95383],[-156.51625,20.95388],[-156.51626,20.95365],[-156.51621,20.9537],[-156.51622,20.95368],[-156.51613,20.95368],[-156.51618,20.95363],[-156.51627,20.9536],[-156.51628,20.95342],[-156.51619,20.95324],[-156.5161,20.95316],[-156.51598,20.95311],[-156.51592,20.95309],[-156.5159,20.95313],[-156.51589,20.95307],[-156.51586,20.95306],[-156.51578,20.95311],[-156.51572,20.95309],[-156.51571,20.95306],[-156.51567,20.95306],[-156.51565,20.9531],[-156.51559,20.95307],[-156.51557,20.95313],[-156.51552,20.95307],[-156.51552,20.95315],[-156.51549,20.95318],[-156.51516,20.95323],[-156.51552,20.95257],[-156.51554,20.95257],[-156.51554,20.95261],[-156.5156,20.95258],[-156.51562,20.95261],[-156.51568,20.95252],[-156.5158,20.95247],[-156.51581,20.95244],[-156.5159,20.95242],[-156.51591,20.9524],[-156.51586,20.95241],[-156.51592,20.95238],[-156.51594,20.95239],[-156.51594,20.95232],[-156.51596,20.95233],[-156.51597,20.95229],[-156.51605,20.95225],[-156.51607,20.95218],[-156.51603,20.95211],[-156.516,20.95211],[-156.51608,20.95193],[-156.51604,20.95189],[-156.51604,20.95185],[-156.51596,20.95178],[-156.51603,20.95165],[-156.51559,20.95144],[-156.51552,20.95133],[-156.51543,20.95127],[-156.51533,20.95124],[-156.51522,20.95126],[-156.51176,20.94957],[-156.51171,20.94951],[-156.51169,20.94938],[-156.51166,20.94939],[-156.51163,20.94933],[-156.51159,20.94936],[-156.5116,20.94932],[-156.51156,20.94931],[-156.51153,20.94918],[-156.51122,20.94894],[-156.50954,20.94804],[-156.50902,20.94764],[-156.50885,20.94756],[-156.5088,20.94749],[-156.5087,20.94727],[-156.50866,20.94709],[-156.50864,20.9468],[-156.50878,20.94576],[-156.5088,20.94509],[-156.50885,20.94462],[-156.5087,20.94415],[-156.50847,20.94374],[-156.50848,20.94283],[-156.50863,20.94263],[-156.50873,20.9424],[-156.50875,20.94223],[-156.50872,20.94195],[-156.50887,20.94141],[-156.50888,20.94125],[-156.50882,20.94107],[-156.50854,20.94067],[-156.50832,20.94043],[-156.50777,20.94001],[-156.5077,20.93988],[-156.50768,20.93955],[-156.50759,20.93915],[-156.50759,20.93891],[-156.50768,20.9386],[-156.50768,20.93842],[-156.50772,20.93826],[-156.50771,20.93775],[-156.50765,20.93754],[-156.50768,20.93737],[-156.50766,20.93725],[-156.50737,20.93671],[-156.50682,20.9361],[-156.50669,20.93526],[-156.50479,20.93459],[-156.50457,20.93448],[-156.50447,20.93447],[-156.50353,20.93413],[-156.50337,20.93402],[-156.50264,20.93373],[-156.50128,20.93327],[-156.49979,20.93266],[-156.49767,20.93198],[-156.49735,20.93184],[-156.4971,20.93168],[-156.4969,20.93149],[-156.49666,20.9312],[-156.49646,20.93085],[-156.49634,20.9306],[-156.49631,20.93027],[-156.4962,20.92985],[-156.49622,20.92879],[-156.49321,20.92439],[-156.49326,20.9243],[-156.49322,20.92415],[-156.49281,20.92292],[-156.49265,20.92236],[-156.49261,20.92236],[-156.49258,20.92231],[-156.49264,20.9222],[-156.49242,20.92075],[-156.4923,20.91965],[-156.49204,20.91881],[-156.49168,20.9184],[-156.49155,20.91755],[-156.49184,20.91729],[-156.4919,20.91716],[-156.49195,20.91667],[-156.49192,20.91598],[-156.49167,20.91516],[-156.49125,20.91445],[-156.49095,20.91387],[-156.49073,20.91246],[-156.48789,20.90971],[-156.48739,20.90993],[-156.48704,20.90984],[-156.4868,20.90983],[-156.48631,20.90988],[-156.48611,20.91001],[-156.48586,20.91029],[-156.48566,20.91039],[-156.48559,20.91046],[-156.48474,20.91018],[-156.4848,20.91004],[-156.48479,20.90999],[-156.48475,20.90998],[-156.48459,20.91013],[-156.48419,20.91],[-156.48402,20.90982],[-156.48324,20.90868],[-156.48311,20.90838],[-156.48313,20.90693],[-156.48256,20.90665],[-156.48176,20.90565],[-156.4814,20.90501],[-156.48123,20.90461],[-156.48116,20.90422],[-156.48122,20.90407],[-156.48102,20.90323],[-156.481,20.9029],[-156.48087,20.90235],[-156.4809,20.90186],[-156.4811,20.90142],[-156.48113,20.90129],[-156.48113,20.90111],[-156.48069,20.89944],[-156.48053,20.89909],[-156.4804,20.89786],[-156.47557,20.89959],[-156.47712,20.89679],[-156.47729,20.89662],[-156.47755,20.89644],[-156.47792,20.89628],[-156.47782,20.89599],[-156.47783,20.89592],[-156.4779,20.89593],[-156.47805,20.89622],[-156.47812,20.8962],[-156.4782,20.89629],[-156.47821,20.89628],[-156.47807,20.89596],[-156.47822,20.89627],[-156.47835,20.89622],[-156.47829,20.89608],[-156.47842,20.89602],[-156.47831,20.89609],[-156.47832,20.89612],[-156.47875,20.89595],[-156.47879,20.8959],[-156.47877,20.89577],[-156.47853,20.89517],[-156.47825,20.89474],[-156.47854,20.89422],[-156.47749,20.89387],[-156.477,20.8935],[-156.47601,20.89285],[-156.47513,20.89221],[-156.47474,20.89145],[-156.47405,20.89144],[-156.47361,20.89115],[-156.47347,20.89114],[-156.47335,20.89116],[-156.47328,20.89143],[-156.47323,20.89143],[-156.47325,20.89118],[-156.47302,20.89112],[-156.47278,20.89118],[-156.47266,20.89132],[-156.47256,20.89127],[-156.47245,20.89125],[-156.47221,20.89127],[-156.47196,20.89133],[-156.47193,20.89141],[-156.46994,20.89138],[-156.46949,20.89219],[-156.46833,20.89313],[-156.46796,20.89362],[-156.46764,20.89414],[-156.46822,20.89449],[-156.46796,20.89497],[-156.46701,20.89405],[-156.46647,20.8943],[-156.46618,20.89413],[-156.46589,20.89456],[-156.46508,20.89492],[-156.46505,20.89673],[-156.46886,20.89859],[-156.46628,20.89832],[-156.46604,20.89807],[-156.46577,20.89813],[-156.46514,20.898],[-156.46421,20.89803],[-156.46407,20.89801],[-156.46357,20.89783],[-156.4635,20.89778],[-156.46304,20.89717],[-156.46301,20.89716],[-156.46286,20.89716],[-156.46266,20.89723],[-156.46242,20.89716],[-156.46229,20.89718],[-156.4622,20.89716],[-156.46169,20.89723],[-156.46159,20.89721],[-156.4615,20.89711],[-156.46144,20.89708],[-156.46097,20.89701],[-156.46082,20.89707],[-156.46073,20.89715],[-156.46069,20.89724],[-156.4607,20.89742],[-156.46068,20.89747],[-156.46061,20.89741],[-156.46057,20.89724],[-156.46046,20.89722],[-156.45994,20.89738],[-156.45957,20.89746],[-156.45931,20.89746],[-156.45841,20.89728],[-156.45675,20.89711],[-156.45626,20.89701],[-156.45592,20.89691],[-156.45523,20.89679],[-156.455,20.89679],[-156.45481,20.89692],[-156.45468,20.89693],[-156.45411,20.89687],[-156.45391,20.89679],[-156.45368,20.89661],[-156.45356,20.89656],[-156.45327,20.89652],[-156.4528,20.89653],[-156.45227,20.89662],[-156.45188,20.89665],[-156.4512,20.89663],[-156.45069,20.89669],[-156.44872,20.89649],[-156.44811,20.89731],[-156.44765,20.89759],[-156.44759,20.89765],[-156.44763,20.89774],[-156.44749,20.89782],[-156.44739,20.89797],[-156.4473,20.89842],[-156.44726,20.89847],[-156.44697,20.89853],[-156.4467,20.89875],[-156.44665,20.8989],[-156.4468,20.89897],[-156.44685,20.89903],[-156.44675,20.89916],[-156.44661,20.89918],[-156.44637,20.89916],[-156.446,20.89927],[-156.44571,20.89931],[-156.44553,20.89924],[-156.44525,20.89926],[-156.44511,20.89931],[-156.44505,20.8994],[-156.44497,20.89942],[-156.44495,20.89938],[-156.44481,20.89934],[-156.44442,20.89939],[-156.4442,20.89952],[-156.44367,20.89955],[-156.443,20.89966],[-156.4427,20.89974],[-156.44097,20.89998],[-156.43832,20.90239],[-156.43803,20.90251],[-156.438,20.90261],[-156.43768,20.90267],[-156.43744,20.90276],[-156.4371,20.90292],[-156.43695,20.90313],[-156.4371,20.90328],[-156.43706,20.90334],[-156.43553,20.90337],[-156.43491,20.90343],[-156.43456,20.9035],[-156.43323,20.90348],[-156.43183,20.905],[-156.43165,20.90514],[-156.43164,20.90521],[-156.43038,20.90658],[-156.4303,20.90663],[-156.43028,20.90669],[-156.43003,20.90693],[-156.43003,20.90696],[-156.42986,20.90715],[-156.42965,20.90729],[-156.42965,20.90733],[-156.4296,20.90734],[-156.42929,20.9075],[-156.42881,20.90783],[-156.42854,20.90795],[-156.42823,20.90821],[-156.42817,20.90821],[-156.42748,20.90854],[-156.4272,20.90864],[-156.42683,20.90873],[-156.4264,20.90879],[-156.42591,20.90898],[-156.42535,20.90915],[-156.42491,20.9092],[-156.42457,20.90927],[-156.42159,20.90962],[-156.42127,20.90928],[-156.42092,20.90897],[-156.4197,20.90779],[-156.4149,20.90771],[-156.41489,20.90806],[-156.41477,20.90815],[-156.41473,20.90823],[-156.41465,20.90826],[-156.4145,20.90826],[-156.41432,20.9082],[-156.41409,20.90801],[-156.41369,20.90787],[-156.41342,20.90781],[-156.41299,20.90778],[-156.41263,20.9078],[-156.41251,20.90784],[-156.41201,20.90767],[-156.41159,20.90844],[-156.41147,20.90849],[-156.41119,20.90874],[-156.41114,20.90886],[-156.41114,20.90925],[-156.41102,20.90946],[-156.4091,20.90943],[-156.40895,20.90971],[-156.40881,20.90977],[-156.40878,20.9099],[-156.40843,20.91011],[-156.40829,20.91028],[-156.40827,20.91044],[-156.4082,20.91069],[-156.40822,20.91075],[-156.4081,20.91088],[-156.40811,20.91093],[-156.40801,20.91091],[-156.40784,20.91099],[-156.40773,20.911],[-156.4077,20.91099],[-156.40767,20.91087],[-156.40764,20.91084],[-156.40745,20.91081],[-156.40727,20.91085],[-156.40663,20.91111],[-156.40645,20.91128],[-156.4064,20.91138],[-156.40632,20.9114],[-156.40631,20.91145],[-156.40556,20.91167],[-156.40529,20.91179],[-156.40522,20.91188],[-156.40499,20.912],[-156.40495,20.91208],[-156.40477,20.91215],[-156.40477,20.91231],[-156.40469,20.91244],[-156.40448,20.91244],[-156.40427,20.91284],[-156.40427,20.91293],[-156.40403,20.91297],[-156.40347,20.91296],[-156.40329,20.91274],[-156.40305,20.91268],[-156.40286,20.9127],[-156.40203,20.91294],[-156.40047,20.91291],[-156.39929,20.91277],[-156.39878,20.91273],[-156.39834,20.91284],[-156.39832,20.91288],[-156.39815,20.91288],[-156.39799,20.91281],[-156.39745,20.91275],[-156.3968,20.91286],[-156.39559,20.91284],[-156.39447,20.9136],[-156.39277,20.91468],[-156.39228,20.91484],[-156.39131,20.91485],[-156.39111,20.91492],[-156.39088,20.91516],[-156.39088,20.91523],[-156.39099,20.91537],[-156.39096,20.91541],[-156.39036,20.91547],[-156.3896,20.91546],[-156.38951,20.91538],[-156.38942,20.91521],[-156.3893,20.91519],[-156.38902,20.91523],[-156.38837,20.91544],[-156.38498,20.91538],[-156.3811,20.91713],[-156.38106,20.91946],[-156.38105,20.91943],[-156.38094,20.91939],[-156.38089,20.91943],[-156.38088,20.91949],[-156.38099,20.91954],[-156.381,20.91958],[-156.38093,20.9197],[-156.38088,20.91972],[-156.38085,20.91981],[-156.3808,20.91983],[-156.38039,20.91983],[-156.38034,20.91975],[-156.38005,20.9196],[-156.37937,20.91963],[-156.37917,20.91943],[-156.37907,20.91941],[-156.37892,20.91944],[-156.37854,20.91962],[-156.37829,20.9198],[-156.37817,20.91979],[-156.37817,20.91994],[-156.37785,20.92039],[-156.37775,20.92068],[-156.37787,20.92096],[-156.37801,20.92113],[-156.37805,20.92127],[-156.37802,20.92181],[-156.37798,20.922],[-156.37793,20.92209],[-156.37774,20.92204],[-156.37755,20.92208],[-156.37743,20.92215],[-156.3768,20.92208],[-156.37641,20.92231],[-156.37579,20.92274],[-156.37562,20.92278],[-156.37545,20.92274],[-156.37538,20.92269],[-156.37508,20.92236],[-156.37498,20.92232],[-156.37475,20.92227],[-156.37425,20.92227],[-156.37402,20.92235],[-156.37362,20.9226],[-156.37346,20.9226],[-156.37289,20.92282],[-156.37277,20.92294],[-156.37278,20.92304],[-156.37263,20.92305],[-156.37256,20.92309],[-156.37256,20.92316],[-156.37139,20.9233],[-156.37137,20.92396],[-156.3712,20.92403],[-156.37116,20.92407],[-156.37114,20.92414],[-156.37118,20.92422],[-156.37136,20.92439],[-156.37136,20.92461],[-156.37132,20.92469],[-156.37114,20.92487],[-156.37101,20.92509],[-156.37091,20.92516],[-156.37072,20.92539],[-156.36942,20.92598],[-156.36973,20.92628],[-156.36979,20.92649],[-156.37022,20.92691],[-156.3703,20.92707],[-156.36956,20.92904],[-156.3695,20.92907],[-156.36947,20.92916],[-156.36939,20.92918],[-156.36917,20.92933],[-156.36891,20.92958],[-156.36822,20.92957],[-156.368,20.92947],[-156.36765,20.92945],[-156.36735,20.92947],[-156.36723,20.92956],[-156.36551,20.92953],[-156.36492,20.9306],[-156.3647,20.93076],[-156.36443,20.9308],[-156.36384,20.93119],[-156.36351,20.93131],[-156.36164,20.93128],[-156.36162,20.93217],[-156.36145,20.93243],[-156.36154,20.93263],[-156.36133,20.93268],[-156.36123,20.93265],[-156.36108,20.93276],[-156.36101,20.93293],[-156.36106,20.93307],[-156.361,20.93304],[-156.36094,20.93307],[-156.36094,20.93314],[-156.36086,20.93314],[-156.36081,20.93319],[-156.35804,20.93358],[-156.35767,20.93358],[-156.35746,20.93365],[-156.35722,20.9337],[-156.35582,20.9339],[-156.35581,20.9345],[-156.35578,20.93455],[-156.3558,20.93464],[-156.35576,20.93481],[-156.35581,20.93491],[-156.35579,20.93573],[-156.35576,20.93581],[-156.35579,20.93585],[-156.35579,20.93594],[-156.35569,20.93593],[-156.35562,20.936],[-156.35562,20.93605],[-156.35568,20.93619],[-156.35564,20.93625],[-156.35561,20.93625],[-156.35556,20.9363],[-156.35561,20.93642],[-156.35562,20.93652],[-156.35545,20.93654],[-156.35542,20.93644],[-156.35552,20.93626],[-156.35551,20.93618],[-156.35543,20.93619],[-156.35535,20.93629],[-156.3553,20.93629],[-156.35528,20.93633],[-156.35528,20.93625],[-156.35517,20.93627],[-156.35514,20.9364],[-156.3551,20.93642],[-156.35508,20.93636],[-156.35511,20.93629],[-156.35506,20.93628],[-156.35491,20.93643],[-156.35462,20.93637],[-156.35468,20.93631],[-156.35465,20.93629],[-156.35449,20.9363],[-156.35443,20.93633],[-156.35309,20.93605],[-156.35292,20.9359],[-156.35259,20.93576],[-156.35244,20.93576],[-156.35201,20.93583],[-156.35099,20.93563],[-156.35068,20.93645],[-156.35051,20.93656],[-156.35048,20.93663],[-156.35027,20.93683],[-156.35026,20.93687],[-156.35039,20.93699],[-156.35044,20.9371],[-156.35028,20.93746],[-156.35015,20.9376],[-156.35015,20.93765],[-156.35003,20.93774],[-156.34996,20.93792],[-156.34985,20.9381],[-156.34979,20.93811],[-156.34979,20.93813],[-156.34985,20.93812],[-156.3499,20.93833],[-156.34913,20.93841],[-156.34906,20.93827],[-156.34878,20.938],[-156.34859,20.93819],[-156.34857,20.93825],[-156.34862,20.93829],[-156.34855,20.93835],[-156.34833,20.93833],[-156.34831,20.93837],[-156.34825,20.93832],[-156.34823,20.93834],[-156.34828,20.93841],[-156.34816,20.93845],[-156.34808,20.93842],[-156.34807,20.93845],[-156.34801,20.93846],[-156.34794,20.93839],[-156.34794,20.93832],[-156.34781,20.93833],[-156.34779,20.9383],[-156.34771,20.93828],[-156.34766,20.9382],[-156.3476,20.93818],[-156.34753,20.9382],[-156.3475,20.93814],[-156.34742,20.93816],[-156.34737,20.9381],[-156.34726,20.93807],[-156.34725,20.93794],[-156.34711,20.93787],[-156.34685,20.93781],[-156.34648,20.93781],[-156.34633,20.93785],[-156.34624,20.93794],[-156.34627,20.93799],[-156.34626,20.93805],[-156.34621,20.93806],[-156.34619,20.93802],[-156.34612,20.938],[-156.34607,20.93808],[-156.34602,20.93805],[-156.34599,20.93808],[-156.346,20.93813],[-156.34598,20.93818],[-156.34592,20.93821],[-156.34587,20.93812],[-156.34557,20.93813],[-156.34548,20.93804],[-156.34541,20.93801],[-156.34526,20.93805],[-156.34502,20.93825],[-156.34514,20.93838],[-156.34506,20.9384],[-156.34509,20.93843],[-156.3451,20.93853],[-156.34502,20.9387],[-156.34506,20.93872],[-156.34503,20.93878],[-156.345,20.93878],[-156.34497,20.93872],[-156.34491,20.93871],[-156.34488,20.93879],[-156.3449,20.93883],[-156.34486,20.93882],[-156.34481,20.93875],[-156.34481,20.93866],[-156.3449,20.93854],[-156.34482,20.93846],[-156.34479,20.93859],[-156.34475,20.93864],[-156.34471,20.93862],[-156.34475,20.93858],[-156.34473,20.93844],[-156.34435,20.93849],[-156.34432,20.93854],[-156.34437,20.93861],[-156.34433,20.93862],[-156.34429,20.93859],[-156.3443,20.93865],[-156.34452,20.93863],[-156.34458,20.93866],[-156.34446,20.9387],[-156.34445,20.93878],[-156.34442,20.9388],[-156.34428,20.93874],[-156.34422,20.93875],[-156.34421,20.93866],[-156.34416,20.93862],[-156.34415,20.93849],[-156.34406,20.93849],[-156.34403,20.93845],[-156.34386,20.93847],[-156.34349,20.93844],[-156.34343,20.93846],[-156.3434,20.93844],[-156.34337,20.93848],[-156.34335,20.93844],[-156.34331,20.93846],[-156.34332,20.9385],[-156.34328,20.93849],[-156.34325,20.93856],[-156.34322,20.93856],[-156.34323,20.9386],[-156.3432,20.9386],[-156.34321,20.93867],[-156.34317,20.93871],[-156.34312,20.93861],[-156.34314,20.93856],[-156.34317,20.93858],[-156.34316,20.93855],[-156.34305,20.9384],[-156.34295,20.93846],[-156.34293,20.93852],[-156.34296,20.93858],[-156.3429,20.93863],[-156.34297,20.93864],[-156.34292,20.93868],[-156.34292,20.9388],[-156.34286,20.93879],[-156.34291,20.93891],[-156.34288,20.93901],[-156.34284,20.939],[-156.34284,20.93904],[-156.34275,20.93905],[-156.34276,20.939],[-156.34265,20.93899],[-156.34265,20.93894],[-156.34261,20.93896],[-156.3426,20.93901],[-156.34253,20.93894],[-156.34255,20.93891],[-156.34254,20.93883],[-156.34258,20.93881],[-156.34251,20.93866],[-156.34253,20.9386],[-156.3425,20.93858],[-156.34248,20.9386],[-156.34249,20.93856],[-156.34252,20.93855],[-156.34249,20.93853],[-156.34254,20.93831],[-156.34248,20.9383],[-156.34244,20.93824],[-156.34234,20.93818],[-156.3423,20.93818],[-156.34221,20.93826],[-156.34222,20.93829],[-156.34213,20.93831],[-156.34216,20.93827],[-156.34211,20.93825],[-156.34212,20.93818],[-156.34188,20.93797],[-156.34183,20.93797],[-156.34171,20.93783],[-156.34159,20.93782],[-156.34151,20.93776],[-156.34141,20.93775],[-156.34142,20.93785],[-156.34129,20.93776],[-156.34122,20.9378],[-156.34122,20.93783],[-156.34118,20.93783],[-156.34117,20.93786],[-156.34113,20.93783],[-156.34112,20.93781],[-156.34116,20.93781],[-156.34112,20.9377],[-156.34117,20.93764],[-156.34115,20.93761],[-156.34111,20.93761],[-156.34103,20.93738],[-156.34082,20.93716],[-156.34073,20.937],[-156.34027,20.93649],[-156.33964,20.93564],[-156.3394,20.93548],[-156.33934,20.93532],[-156.33922,20.93556],[-156.3392,20.93577],[-156.33907,20.93588],[-156.33914,20.9363],[-156.33924,20.93647],[-156.33921,20.93652],[-156.33928,20.93656],[-156.33927,20.93676],[-156.33931,20.93683],[-156.33936,20.9371],[-156.33943,20.93728],[-156.3394,20.93863],[-156.33931,20.93882],[-156.33895,20.9387],[-156.33881,20.93868],[-156.33861,20.93872],[-156.33842,20.93863],[-156.33817,20.93859],[-156.33804,20.93861],[-156.33653,20.93811],[-156.33616,20.93878],[-156.33602,20.93886],[-156.336,20.93893],[-156.33564,20.9392],[-156.3356,20.93931],[-156.33545,20.93933],[-156.3354,20.93939],[-156.33528,20.93945],[-156.33528,20.93964],[-156.3352,20.93965],[-156.33506,20.93954],[-156.33503,20.93957],[-156.33498,20.93956],[-156.33495,20.93961],[-156.33499,20.93969],[-156.33496,20.93978],[-156.33499,20.93979],[-156.33494,20.93983],[-156.33495,20.93988],[-156.33492,20.93985],[-156.33492,20.93989],[-156.33362,20.93987],[-156.33357,20.94259],[-156.33354,20.94258],[-156.33353,20.94263],[-156.33357,20.94268],[-156.33356,20.94326],[-156.33353,20.94328],[-156.33353,20.94331],[-156.33346,20.94333],[-156.33341,20.94331],[-156.33338,20.94335],[-156.33328,20.9433],[-156.33324,20.94332],[-156.33314,20.94327],[-156.33312,20.94321],[-156.33308,20.94322],[-156.33302,20.94331],[-156.33265,20.94318],[-156.33257,20.94305],[-156.33264,20.94291],[-156.33257,20.94274],[-156.33248,20.94273],[-156.33237,20.94259],[-156.33226,20.94252],[-156.33211,20.94249],[-156.33203,20.94237],[-156.33198,20.94235],[-156.33182,20.94234],[-156.33131,20.9424],[-156.33122,20.94243],[-156.3312,20.94251],[-156.33117,20.94249],[-156.33115,20.94253],[-156.33106,20.94253],[-156.33098,20.9426],[-156.33092,20.94261],[-156.33069,20.94253],[-156.33062,20.94271],[-156.33031,20.94289],[-156.33021,20.94305],[-156.33009,20.94313],[-156.33004,20.94323],[-156.3298,20.94326],[-156.32961,20.94347],[-156.32963,20.94353],[-156.3296,20.94356],[-156.32959,20.94386],[-156.32964,20.94408],[-156.32962,20.94412],[-156.32956,20.94411],[-156.32961,20.9443],[-156.32956,20.9443],[-156.32955,20.94441],[-156.3295,20.94451],[-156.32961,20.94448],[-156.32958,20.9446],[-156.32951,20.94459],[-156.32951,20.94467],[-156.32959,20.94466],[-156.3296,20.94468],[-156.32952,20.9449],[-156.32953,20.94497],[-156.32949,20.94497],[-156.32948,20.94493],[-156.32945,20.94494],[-156.32941,20.94501],[-156.32932,20.94505],[-156.32931,20.94508],[-156.32877,20.94487],[-156.32871,20.94482],[-156.32871,20.94474],[-156.32866,20.94469],[-156.32871,20.94463],[-156.32868,20.94458],[-156.32864,20.94459],[-156.32862,20.94457],[-156.32862,20.94452],[-156.3287,20.94439],[-156.32878,20.94433],[-156.32882,20.94417],[-156.32868,20.94405],[-156.32837,20.94412],[-156.32826,20.9441],[-156.32815,20.94415],[-156.32818,20.94418],[-156.32817,20.94423],[-156.32793,20.94421],[-156.32789,20.94414],[-156.32766,20.94427],[-156.32762,20.94421],[-156.32748,20.94419],[-156.3275,20.94415],[-156.32741,20.94418],[-156.32731,20.94416],[-156.32731,20.9442],[-156.32725,20.94413],[-156.32718,20.94414],[-156.32719,20.94406],[-156.32712,20.94408],[-156.32704,20.9439],[-156.32684,20.94384],[-156.32677,20.94387],[-156.32664,20.94383],[-156.32646,20.94371],[-156.32642,20.94372],[-156.32637,20.94366],[-156.32635,20.94359],[-156.32649,20.94356],[-156.32647,20.94352],[-156.32636,20.94348],[-156.32624,20.94335],[-156.32577,20.94331],[-156.32518,20.94345],[-156.3249,20.94334],[-156.32355,20.94519],[-156.32349,20.9452],[-156.32341,20.94533],[-156.32337,20.94531],[-156.32327,20.94534],[-156.32323,20.94539],[-156.32311,20.94544],[-156.32307,20.9455],[-156.32276,20.94542],[-156.32266,20.94546],[-156.32246,20.94548],[-156.32236,20.94555],[-156.32224,20.94571],[-156.32224,20.94577],[-156.32236,20.94582],[-156.32231,20.9459],[-156.32235,20.94593],[-156.32242,20.94589],[-156.32258,20.94587],[-156.32263,20.94591],[-156.3226,20.94602],[-156.32062,20.94599],[-156.32051,20.94585],[-156.32042,20.94579],[-156.32033,20.94565],[-156.3203,20.94569],[-156.32024,20.94564],[-156.32027,20.94557],[-156.32022,20.94562],[-156.32022,20.94568],[-156.32015,20.94559],[-156.32014,20.94552],[-156.32008,20.94547],[-156.32004,20.94548],[-156.32007,20.94552],[-156.32005,20.94556],[-156.31995,20.94555],[-156.31916,20.94235],[-156.31876,20.94234],[-156.31848,20.94222],[-156.31828,20.94218],[-156.31795,20.94222],[-156.31764,20.94233],[-156.31723,20.94232],[-156.31722,20.94325],[-156.31707,20.94342],[-156.31704,20.94348],[-156.31705,20.94368],[-156.317,20.9437],[-156.31705,20.94385],[-156.31721,20.94393],[-156.3172,20.94411],[-156.31714,20.94411],[-156.31713,20.94415],[-156.31706,20.94417],[-156.31698,20.94406],[-156.31694,20.94405],[-156.31686,20.94417],[-156.31679,20.94421],[-156.31654,20.94416],[-156.31657,20.94419],[-156.31655,20.94421],[-156.31649,20.94416],[-156.31644,20.94417],[-156.31648,20.94424],[-156.31646,20.94426],[-156.31644,20.94423],[-156.31635,20.94422],[-156.3163,20.94414],[-156.31626,20.94413],[-156.31623,20.94416],[-156.31623,20.94412],[-156.31618,20.94411],[-156.31598,20.94417],[-156.31588,20.94416],[-156.31585,20.94419],[-156.31579,20.94416],[-156.31578,20.9443],[-156.31582,20.94438],[-156.31576,20.94439],[-156.31575,20.94436],[-156.31573,20.94439],[-156.31576,20.94448],[-156.3158,20.9445],[-156.31577,20.94454],[-156.3158,20.94454],[-156.31552,20.94462],[-156.31545,20.94458],[-156.31535,20.94441],[-156.31527,20.94437],[-156.31513,20.9445],[-156.31507,20.94468],[-156.31501,20.94467],[-156.31503,20.94477],[-156.31463,20.94489],[-156.3146,20.94479],[-156.31456,20.94476],[-156.31455,20.94479],[-156.31452,20.94478],[-156.31452,20.94473],[-156.31447,20.9447],[-156.31446,20.94465],[-156.31438,20.9446],[-156.31439,20.94449],[-156.31434,20.94431],[-156.31407,20.94397],[-156.31395,20.94391],[-156.31378,20.9439],[-156.31375,20.94385],[-156.31359,20.94379],[-156.3134,20.94379],[-156.3134,20.94374],[-156.31326,20.94364],[-156.31317,20.94364],[-156.31312,20.94383],[-156.31306,20.94377],[-156.31302,20.94379],[-156.31293,20.94363],[-156.31288,20.94371],[-156.31286,20.94367],[-156.31275,20.94373],[-156.31271,20.94369],[-156.31279,20.94365],[-156.31274,20.94362],[-156.31266,20.94361],[-156.31259,20.94366],[-156.31256,20.94359],[-156.31257,20.94347],[-156.31253,20.94346],[-156.31256,20.94343],[-156.31248,20.94335],[-156.31254,20.94322],[-156.3123,20.94312],[-156.31228,20.94295],[-156.3122,20.94289],[-156.31215,20.94292],[-156.31218,20.94297],[-156.31203,20.94296],[-156.31197,20.94277],[-156.312,20.94272],[-156.31195,20.94272],[-156.31196,20.94265],[-156.31192,20.94262],[-156.31187,20.94248],[-156.31189,20.94246],[-156.31186,20.94244],[-156.31149,20.94133],[-156.30768,20.93946],[-156.30627,20.93944],[-156.30587,20.9394],[-156.30571,20.93943],[-156.3047,20.93941],[-156.30469,20.93937],[-156.3046,20.93932],[-156.30438,20.93934],[-156.30419,20.93941],[-156.30287,20.93939],[-156.30286,20.94018],[-156.30261,20.94049],[-156.30256,20.94068],[-156.30258,20.94077],[-156.30249,20.94087],[-156.30251,20.94092],[-156.3026,20.941],[-156.30263,20.94107],[-156.30269,20.94109],[-156.30276,20.94119],[-156.3026,20.94118],[-156.30258,20.94113],[-156.30253,20.94112],[-156.30249,20.94095],[-156.3024,20.94094],[-156.30239,20.941],[-156.30231,20.94105],[-156.30227,20.94101],[-156.30231,20.94094],[-156.30225,20.94092],[-156.3022,20.94095],[-156.30215,20.94089],[-156.3021,20.94091],[-156.30195,20.9409],[-156.30193,20.94093],[-156.3018,20.94094],[-156.30177,20.94092],[-156.3017,20.94093],[-156.30159,20.94098],[-156.30158,20.94103],[-156.3015,20.94102],[-156.30151,20.9411],[-156.30145,20.94105],[-156.30139,20.94105],[-156.30127,20.94115],[-156.30121,20.94113],[-156.30118,20.94115],[-156.30119,20.94116],[-156.30012,20.94115],[-156.29991,20.94107],[-156.29973,20.94096],[-156.29955,20.94093],[-156.29913,20.94097],[-156.29845,20.94112],[-156.29804,20.94111],[-156.2969,20.94214],[-156.29661,20.94225],[-156.29639,20.94239],[-156.29629,20.94251],[-156.29627,20.94256],[-156.2963,20.94259],[-156.29626,20.9426],[-156.29623,20.94275],[-156.29615,20.9428],[-156.29608,20.94289],[-156.29564,20.94278],[-156.2957,20.94278],[-156.2957,20.94275],[-156.29562,20.94276],[-156.2956,20.94279],[-156.2955,20.94277],[-156.29555,20.9427],[-156.29549,20.9427],[-156.29542,20.94274],[-156.29538,20.94267],[-156.29544,20.94258],[-156.29531,20.94251],[-156.29524,20.94238],[-156.2952,20.94238],[-156.29512,20.94229],[-156.29505,20.94227],[-156.2949,20.94224],[-156.29487,20.94226],[-156.29473,20.94211],[-156.29461,20.94209],[-156.2945,20.94203],[-156.2944,20.94204],[-156.29426,20.94195],[-156.29405,20.94191],[-156.29397,20.94184],[-156.29378,20.94188],[-156.29369,20.94187],[-156.29359,20.94196],[-156.29355,20.94192],[-156.29358,20.94185],[-156.29352,20.94177],[-156.29343,20.94175],[-156.29341,20.9417],[-156.29335,20.94166],[-156.29328,20.94165],[-156.2932,20.94169],[-156.29311,20.94158],[-156.2931,20.9415],[-156.29303,20.94144],[-156.29294,20.94144],[-156.29289,20.94145],[-156.29285,20.94153],[-156.29273,20.94159],[-156.29264,20.94174],[-156.29235,20.94173],[-156.29229,20.94184],[-156.29233,20.94192],[-156.29231,20.94198],[-156.29212,20.94208],[-156.29129,20.94191],[-156.29128,20.94264],[-156.29125,20.94264],[-156.29128,20.94272],[-156.29121,20.9427],[-156.29117,20.94276],[-156.29108,20.94276],[-156.29101,20.9427],[-156.29093,20.94276],[-156.29089,20.94271],[-156.2908,20.94272],[-156.29076,20.94274],[-156.29075,20.9428],[-156.29028,20.9428],[-156.29032,20.94275],[-156.29027,20.94265],[-156.29022,20.94267],[-156.29014,20.94265],[-156.28999,20.94269],[-156.28973,20.94271],[-156.28967,20.94279],[-156.2884,20.94277],[-156.28793,20.94319],[-156.28772,20.94327],[-156.28768,20.94334],[-156.28768,20.94341],[-156.28706,20.94398],[-156.28701,20.94394],[-156.28652,20.94405],[-156.28641,20.94417],[-156.28633,20.94417],[-156.28618,20.9443],[-156.28608,20.94432],[-156.28602,20.94427],[-156.28598,20.94431],[-156.28592,20.94424],[-156.28585,20.94425],[-156.28562,20.94414],[-156.28563,20.94406],[-156.28546,20.94406],[-156.28454,20.94361],[-156.28409,20.94442],[-156.28404,20.94437],[-156.284,20.94437],[-156.28387,20.94442],[-156.28385,20.94447],[-156.28376,20.94451],[-156.28367,20.94462],[-156.28348,20.94458],[-156.2834,20.94461],[-156.28301,20.94488],[-156.28299,20.94495],[-156.28301,20.94504],[-156.28301,20.94519],[-156.28308,20.94539],[-156.28162,20.94537],[-156.28109,20.94486],[-156.28111,20.94482],[-156.28104,20.9448],[-156.28098,20.94475],[-156.28097,20.94466],[-156.28086,20.94453],[-156.28084,20.94446],[-156.28078,20.94442],[-156.28078,20.94434],[-156.28073,20.94426],[-156.28056,20.94412],[-156.28053,20.944],[-156.28004,20.94364],[-156.27978,20.94358],[-156.27885,20.94268],[-156.27886,20.9425],[-156.27867,20.94194],[-156.2786,20.9418],[-156.27838,20.94161],[-156.27823,20.94154],[-156.27813,20.94155],[-156.27807,20.94159],[-156.27815,20.94166],[-156.278,20.94166],[-156.27801,20.94154],[-156.27799,20.94153],[-156.27801,20.94147],[-156.27799,20.94144],[-156.27792,20.94145],[-156.27794,20.9415],[-156.27788,20.94146],[-156.27785,20.9415],[-156.27786,20.94148],[-156.27783,20.94149],[-156.27779,20.94142],[-156.2777,20.94145],[-156.27768,20.94141],[-156.27762,20.94145],[-156.27759,20.94141],[-156.27757,20.94143],[-156.27758,20.94138],[-156.27753,20.9414],[-156.27729,20.94116],[-156.27737,20.94111],[-156.27741,20.94101],[-156.27731,20.94092],[-156.27726,20.94092],[-156.27723,20.94085],[-156.27719,20.94088],[-156.27722,20.94082],[-156.27719,20.94078],[-156.27715,20.94078],[-156.27705,20.94057],[-156.2768,20.94037],[-156.27659,20.94025],[-156.27649,20.94012],[-156.27654,20.94007],[-156.27652,20.94002],[-156.27657,20.93994],[-156.27657,20.93988],[-156.27651,20.93979],[-156.27641,20.93974],[-156.27644,20.9397],[-156.27637,20.93965],[-156.27638,20.93958],[-156.27632,20.93959],[-156.2763,20.93956],[-156.27635,20.93953],[-156.27633,20.9395],[-156.27635,20.93949],[-156.27627,20.93943],[-156.2763,20.93934],[-156.27625,20.93928],[-156.2762,20.93928],[-156.27625,20.93925],[-156.27617,20.93913],[-156.27608,20.93882],[-156.27608,20.93862],[-156.27598,20.93831],[-156.276,20.93715],[-156.27413,20.93441],[-156.27263,20.93439],[-156.27243,20.9343],[-156.27227,20.93412],[-156.27221,20.93411],[-156.27219,20.93411],[-156.27219,20.93428],[-156.2721,20.93438],[-156.27091,20.93436],[-156.27071,20.93428],[-156.27058,20.93428],[-156.27043,20.93418],[-156.27025,20.93415],[-156.26988,20.9342],[-156.26974,20.93425],[-156.26971,20.93428],[-156.26973,20.93432],[-156.26968,20.93434],[-156.26837,20.93432],[-156.26736,20.93524],[-156.26711,20.93531],[-156.26702,20.93543],[-156.26703,20.93554],[-156.26672,20.93582],[-156.26651,20.93589],[-156.26641,20.93596],[-156.2663,20.93615],[-156.26624,20.93619],[-156.26624,20.93625],[-156.26497,20.9374],[-156.26489,20.93741],[-156.26456,20.93756],[-156.26448,20.93763],[-156.26445,20.93771],[-156.26428,20.93773],[-156.26427,20.93783],[-156.26424,20.93782],[-156.26421,20.93774],[-156.26409,20.93781],[-156.264,20.93782],[-156.26387,20.93792],[-156.26378,20.93789],[-156.26371,20.9379],[-156.26355,20.93804],[-156.26337,20.93806],[-156.2631,20.93804],[-156.26307,20.9382],[-156.26307,20.93875],[-156.2622,20.93874],[-156.26217,20.93868],[-156.26215,20.9387],[-156.26214,20.93868],[-156.26206,20.93869],[-156.262,20.93873],[-156.26165,20.93872],[-156.26163,20.93863],[-156.2616,20.9386],[-156.26155,20.93861],[-156.2616,20.93856],[-156.26157,20.93843],[-156.26161,20.93838],[-156.26154,20.9383],[-156.26153,20.93821],[-156.26156,20.93815],[-156.26148,20.93809],[-156.26141,20.93795],[-156.26121,20.93775],[-156.26101,20.93762],[-156.26094,20.9375],[-156.26062,20.93739],[-156.26052,20.93744],[-156.26049,20.93769],[-156.26023,20.93743],[-156.26025,20.93735],[-156.26022,20.93733],[-156.26023,20.9373],[-156.26028,20.93736],[-156.26028,20.93725],[-156.26035,20.93723],[-156.26048,20.93713],[-156.2603,20.93694],[-156.26026,20.93692],[-156.26018,20.93697],[-156.26002,20.93695],[-156.26,20.9369],[-156.25994,20.93691],[-156.25988,20.93674],[-156.25982,20.93674],[-156.25987,20.93671],[-156.25984,20.93671],[-156.2598,20.93664],[-156.25982,20.93661],[-156.25979,20.93646],[-156.25971,20.93646],[-156.25971,20.93641],[-156.25961,20.93636],[-156.25957,20.93628],[-156.25937,20.93622],[-156.25926,20.93623],[-156.25924,20.93621],[-156.25926,20.93638],[-156.25921,20.93644],[-156.25908,20.93629],[-156.2591,20.93619],[-156.25904,20.93613],[-156.25903,20.93603],[-156.25888,20.93603],[-156.25884,20.93608],[-156.25846,20.93572],[-156.25852,20.93559],[-156.2585,20.93553],[-156.25831,20.93545],[-156.25827,20.93553],[-156.25802,20.93528],[-156.258,20.93522],[-156.25789,20.93513],[-156.2579,20.93511],[-156.2578,20.93507],[-156.25745,20.93473],[-156.25741,20.93461],[-156.25734,20.93455],[-156.25729,20.93442],[-156.25726,20.93442],[-156.25727,20.93447],[-156.25724,20.93442],[-156.2572,20.93448],[-156.25714,20.93432],[-156.25701,20.93426],[-156.257,20.93429],[-156.25694,20.9342],[-156.25688,20.93418],[-156.25618,20.93349],[-156.25622,20.93335],[-156.25597,20.9333],[-156.2559,20.93322],[-156.25527,20.93317],[-156.25468,20.9332],[-156.25397,20.93319],[-156.25375,20.93399],[-156.2537,20.93405],[-156.25371,20.93412],[-156.25363,20.9344],[-156.25352,20.93461],[-156.25339,20.93473],[-156.25333,20.93488],[-156.25316,20.93507],[-156.25318,20.93525],[-156.25328,20.93541],[-156.25316,20.93552],[-156.25306,20.93558],[-156.253,20.93574],[-156.25297,20.93586],[-156.25302,20.93592],[-156.2531,20.93593],[-156.25308,20.93597],[-156.25298,20.93598],[-156.25305,20.93609],[-156.25295,20.93617],[-156.25292,20.93629],[-156.25286,20.93636],[-156.25287,20.93638],[-156.25291,20.93637],[-156.25291,20.93639],[-156.25287,20.93641],[-156.2528,20.93653],[-156.25284,20.93667],[-156.25291,20.93669],[-156.25287,20.93675],[-156.2529,20.93678],[-156.25147,20.93676],[-156.25139,20.93672],[-156.25133,20.93676],[-156.25125,20.93674],[-156.2512,20.93676],[-156.25122,20.9367],[-156.25119,20.93672],[-156.25105,20.93667],[-156.25098,20.93657],[-156.25092,20.93658],[-156.25084,20.9365],[-156.25076,20.93651],[-156.25076,20.93648],[-156.2508,20.93648],[-156.2508,20.93642],[-156.2507,20.93634],[-156.25063,20.93633],[-156.25058,20.93629],[-156.25058,20.93636],[-156.25052,20.93636],[-156.25055,20.93628],[-156.25058,20.93627],[-156.25059,20.9362],[-156.25053,20.93617],[-156.25038,20.93616],[-156.25037,20.93622],[-156.25031,20.93618],[-156.25031,20.93622],[-156.25021,20.93627],[-156.25022,20.93631],[-156.25017,20.93629],[-156.25015,20.93623],[-156.2501,20.93625],[-156.25011,20.93623],[-156.25,20.93623],[-156.24998,20.93624],[-156.25003,20.93629],[-156.24999,20.93631],[-156.24996,20.93625],[-156.24992,20.93626],[-156.24991,20.9362],[-156.24979,20.93623],[-156.24978,20.93619],[-156.24975,20.93619],[-156.24979,20.93616],[-156.24964,20.93613],[-156.24953,20.93616],[-156.24943,20.93623],[-156.24945,20.93627],[-156.24945,20.93623],[-156.2495,20.93621],[-156.24952,20.93633],[-156.24944,20.93643],[-156.24945,20.93651],[-156.24927,20.93672],[-156.2491,20.93672],[-156.2491,20.93683],[-156.24907,20.9369],[-156.24898,20.93685],[-156.24893,20.93697],[-156.24887,20.93697],[-156.24883,20.93693],[-156.24879,20.93694],[-156.24868,20.93717],[-156.24873,20.93727],[-156.2472,20.93579],[-156.24566,20.93576],[-156.24564,20.93574],[-156.24559,20.93576],[-156.24559,20.93574],[-156.24554,20.93575],[-156.24554,20.93569],[-156.24547,20.93563],[-156.2454,20.93569],[-156.24533,20.93568],[-156.24525,20.9356],[-156.24529,20.9355],[-156.24523,20.93545],[-156.24517,20.93544],[-156.24514,20.93553],[-156.24503,20.93554],[-156.24505,20.93566],[-156.24497,20.93575],[-156.24453,20.93574],[-156.24455,20.93567],[-156.24458,20.93566],[-156.24455,20.93563],[-156.24457,20.93557],[-156.24454,20.93555],[-156.24458,20.9355],[-156.24457,20.93547],[-156.24453,20.93549],[-156.24452,20.93542],[-156.24447,20.93539],[-156.24449,20.93537],[-156.24445,20.93539],[-156.24443,20.93538],[-156.24443,20.93536],[-156.24445,20.93538],[-156.24446,20.93536],[-156.24442,20.93533],[-156.24421,20.93531],[-156.2441,20.93524],[-156.24401,20.93527],[-156.24398,20.93531],[-156.24406,20.93537],[-156.24399,20.93539],[-156.24384,20.93552],[-156.24395,20.93552],[-156.2439,20.93553],[-156.24389,20.93556],[-156.24382,20.93552],[-156.24374,20.93553],[-156.2437,20.93556],[-156.24369,20.93563],[-156.24366,20.93565],[-156.24366,20.93561],[-156.24362,20.93563],[-156.24357,20.9357],[-156.24355,20.93564],[-156.24358,20.9355],[-156.24365,20.93546],[-156.24362,20.93541],[-156.2435,20.93549],[-156.24343,20.93548],[-156.24332,20.93553],[-156.24331,20.9355],[-156.24321,20.93557],[-156.24314,20.93555],[-156.24314,20.93532],[-156.24309,20.93523],[-156.24303,20.93524],[-156.24302,20.93531],[-156.24296,20.93533],[-156.24291,20.93525],[-156.24282,20.93517],[-156.24266,20.93522],[-156.24259,20.93528],[-156.24257,20.93525],[-156.2425,20.93525],[-156.24251,20.93514],[-156.24256,20.93509],[-156.24248,20.93505],[-156.24249,20.93499],[-156.24244,20.93495],[-156.24246,20.93493],[-156.24241,20.93494],[-156.24241,20.93481],[-156.24212,20.93491],[-156.24211,20.93489],[-156.24205,20.9349],[-156.24202,20.93482],[-156.24202,20.93485],[-156.24189,20.93489],[-156.24181,20.93487],[-156.24165,20.93491],[-156.24154,20.93516],[-156.24147,20.93523],[-156.24141,20.93526],[-156.24138,20.93524],[-156.24138,20.93527],[-156.24076,20.93555],[-156.24075,20.93552],[-156.2407,20.93555],[-156.24066,20.93553],[-156.2407,20.93551],[-156.24069,20.93548],[-156.24071,20.93551],[-156.24073,20.93548],[-156.2407,20.93542],[-156.24062,20.93542],[-156.24058,20.93538],[-156.24051,20.93538],[-156.24047,20.93534],[-156.24048,20.93531],[-156.24059,20.93526],[-156.24055,20.93523],[-156.24061,20.93521],[-156.24057,20.93515],[-156.24061,20.93516],[-156.24062,20.93509],[-156.2406,20.93508],[-156.24065,20.93503],[-156.24062,20.93503],[-156.24062,20.935],[-156.24057,20.93502],[-156.24059,20.93498],[-156.24054,20.93493],[-156.24056,20.9349],[-156.24054,20.93483],[-156.24045,20.93476],[-156.24041,20.93476],[-156.24031,20.93488],[-156.24028,20.93488],[-156.24029,20.93485],[-156.24014,20.93493],[-156.2401,20.93488],[-156.24008,20.93476],[-156.24,20.93473],[-156.23997,20.93466],[-156.23983,20.93467],[-156.23964,20.93462],[-156.23965,20.93466],[-156.2396,20.93473],[-156.23953,20.93474],[-156.23952,20.93472],[-156.23938,20.93483],[-156.23934,20.93512],[-156.23913,20.93502],[-156.23916,20.93496],[-156.23912,20.93485],[-156.23906,20.93483],[-156.23905,20.93484],[-156.23908,20.93484],[-156.23909,20.93486],[-156.23907,20.93485],[-156.23905,20.93488],[-156.23901,20.93485],[-156.23904,20.93482],[-156.23901,20.93481],[-156.23902,20.93477],[-156.23898,20.93474],[-156.23893,20.93475],[-156.23889,20.93472],[-156.23888,20.93462],[-156.23892,20.93453],[-156.2389,20.93449],[-156.23895,20.93436],[-156.23895,20.93428],[-156.23893,20.93427],[-156.23939,20.93364],[-156.23943,20.93362],[-156.23944,20.93357],[-156.24054,20.93207],[-156.24027,20.93153],[-156.2403,20.93147],[-156.24033,20.93147],[-156.24024,20.93119],[-156.24018,20.93108],[-156.24015,20.93116],[-156.24007,20.93114],[-156.23961,20.93025],[-156.23935,20.93037],[-156.23932,20.93032],[-156.23908,20.93022],[-156.23879,20.93017],[-156.23874,20.93011],[-156.23866,20.93011],[-156.2387,20.93013],[-156.23866,20.93013],[-156.23873,20.93023],[-156.23876,20.93034],[-156.23876,20.93048],[-156.23869,20.93059],[-156.23863,20.93053],[-156.23844,20.93019],[-156.23842,20.9302],[-156.23824,20.9303],[-156.23819,20.93035],[-156.23821,20.93036],[-156.23807,20.93039],[-156.23808,20.93042],[-156.23804,20.93048],[-156.23793,20.93048],[-156.23791,20.9305],[-156.23794,20.93049],[-156.23795,20.93051],[-156.23793,20.93052],[-156.23799,20.93057],[-156.23796,20.93061],[-156.23794,20.93071],[-156.23778,20.93059],[-156.23775,20.93073],[-156.23772,20.93074],[-156.23772,20.93083],[-156.2377,20.93079],[-156.23763,20.93082],[-156.23763,20.9308],[-156.2375,20.93089],[-156.23735,20.9309],[-156.23728,20.93108],[-156.23725,20.93105],[-156.23719,20.93106],[-156.2372,20.93111],[-156.23715,20.93113],[-156.2371,20.93109],[-156.23705,20.93117],[-156.23698,20.9312],[-156.2369,20.9312],[-156.23687,20.93122],[-156.23685,20.93118],[-156.23681,20.93119],[-156.23683,20.93126],[-156.2369,20.93127],[-156.23686,20.93138],[-156.23682,20.93138],[-156.2368,20.93142],[-156.23689,20.93147],[-156.23602,20.93186],[-156.23609,20.93155],[-156.23613,20.93149],[-156.23611,20.93144],[-156.23615,20.93144],[-156.23617,20.93136],[-156.23613,20.93133],[-156.23616,20.9313],[-156.2361,20.9313],[-156.2361,20.93125],[-156.23605,20.93123],[-156.23602,20.93119],[-156.23607,20.93121],[-156.23608,20.93118],[-156.23612,20.93118],[-156.23611,20.9311],[-156.23603,20.93105],[-156.23611,20.93101],[-156.23599,20.93099],[-156.23599,20.93097],[-156.23609,20.93091],[-156.23611,20.93086],[-156.23599,20.93075],[-156.23597,20.93066],[-156.23592,20.93065],[-156.23592,20.93062],[-156.23582,20.93052],[-156.23573,20.93049],[-156.23575,20.93059],[-156.23585,20.9306],[-156.2358,20.93063],[-156.2357,20.93057],[-156.23567,20.93042],[-156.23571,20.93033],[-156.23568,20.93032],[-156.2357,20.93022],[-156.23575,20.93019],[-156.23573,20.93011],[-156.23576,20.9301],[-156.23572,20.93007],[-156.23567,20.93008],[-156.23575,20.93003],[-156.23573,20.92993],[-156.23576,20.92991],[-156.23572,20.92989],[-156.23577,20.92984],[-156.23574,20.92984],[-156.23576,20.92976],[-156.23571,20.92971],[-156.23567,20.92976],[-156.23569,20.92969],[-156.23558,20.92961],[-156.23556,20.92963],[-156.23547,20.92955],[-156.23527,20.92949],[-156.23522,20.92953],[-156.23521,20.92945],[-156.23515,20.92962],[-156.23484,20.92837],[-156.23266,20.92833],[-156.23262,20.92823],[-156.23266,20.92813],[-156.2327,20.92813],[-156.2327,20.92807],[-156.23267,20.92805],[-156.2326,20.92806],[-156.23259,20.92803],[-156.23253,20.92808],[-156.23248,20.92805],[-156.23243,20.92797],[-156.23244,20.92782],[-156.23238,20.92781],[-156.23235,20.92777],[-156.23233,20.92779],[-156.23234,20.92776],[-156.23229,20.92768],[-156.23207,20.92765],[-156.23172,20.92774],[-156.23161,20.92782],[-156.23162,20.9279],[-156.23157,20.92787],[-156.23154,20.92789],[-156.23158,20.9279],[-156.23155,20.92793],[-156.23156,20.92796],[-156.23152,20.92799],[-156.23154,20.92805],[-156.23147,20.92809],[-156.23148,20.92816],[-156.23144,20.92821],[-156.23146,20.92827],[-156.23151,20.92828],[-156.23151,20.92831],[-156.23069,20.9283],[-156.23066,20.92824],[-156.23062,20.9283],[-156.23057,20.9283],[-156.23047,20.92823],[-156.23038,20.92822],[-156.23044,20.92829],[-156.22984,20.92828],[-156.22983,20.92825],[-156.22989,20.92824],[-156.22995,20.92817],[-156.22984,20.92813],[-156.22987,20.92807],[-156.22974,20.92811],[-156.22981,20.92797],[-156.22967,20.92786],[-156.22951,20.92782],[-156.22944,20.92774],[-156.22936,20.92778],[-156.22925,20.92777],[-156.22921,20.92779],[-156.22918,20.92777],[-156.22912,20.9278],[-156.22909,20.92779],[-156.22912,20.92777],[-156.22908,20.92777],[-156.22905,20.92787],[-156.22898,20.92792],[-156.22893,20.92804],[-156.22889,20.92806],[-156.2289,20.9281],[-156.22886,20.92811],[-156.22882,20.92819],[-156.22879,20.9282],[-156.22878,20.92811],[-156.22872,20.92804],[-156.22867,20.92781],[-156.22857,20.92772],[-156.22851,20.92774],[-156.22843,20.92768],[-156.22836,20.92773],[-156.22836,20.92769],[-156.22831,20.92767],[-156.22827,20.9277],[-156.22829,20.92766],[-156.22824,20.92763],[-156.22821,20.92773],[-156.22824,20.92802],[-156.22832,20.92826],[-156.22736,20.92824],[-156.22739,20.92823],[-156.22739,20.92814],[-156.2275,20.92803],[-156.22761,20.9277],[-156.22768,20.92758],[-156.22767,20.92753],[-156.22779,20.92729],[-156.22799,20.92715],[-156.22814,20.92724],[-156.22823,20.92725],[-156.22827,20.92722],[-156.22828,20.92728],[-156.22832,20.92728],[-156.22836,20.9272],[-156.22832,20.92709],[-156.22834,20.92709],[-156.22833,20.92706],[-156.22839,20.927],[-156.22843,20.92689],[-156.22844,20.92681],[-156.22841,20.92678],[-156.22844,20.92676],[-156.22839,20.92672],[-156.22841,20.92668],[-156.22837,20.92664],[-156.22838,20.92655],[-156.22835,20.92656],[-156.22838,20.9265],[-156.22845,20.92646],[-156.22841,20.92632],[-156.22832,20.92626],[-156.22808,20.92635],[-156.22808,20.92629],[-156.22803,20.92635],[-156.22794,20.92638],[-156.2279,20.92635],[-156.22792,20.92631],[-156.22784,20.92627],[-156.22791,20.92625],[-156.22793,20.9262],[-156.22792,20.92619],[-156.2279,20.92622],[-156.22789,20.92618],[-156.22795,20.92616],[-156.22801,20.92609],[-156.22796,20.92608],[-156.22797,20.92605],[-156.22794,20.92606],[-156.22797,20.926],[-156.22785,20.92607],[-156.22785,20.92602],[-156.22791,20.92598],[-156.22802,20.92598],[-156.22816,20.92588],[-156.22825,20.92572],[-156.22823,20.92564],[-156.22815,20.92562],[-156.22818,20.92561],[-156.22819,20.92556],[-156.2281,20.92542],[-156.22813,20.92539],[-156.22814,20.92542],[-156.22817,20.9254],[-156.22803,20.92533],[-156.22804,20.92513],[-156.22796,20.92515],[-156.228,20.92511],[-156.22795,20.9251],[-156.22794,20.92504],[-156.22807,20.92508],[-156.22801,20.92502],[-156.22804,20.92499],[-156.228,20.92495],[-156.22804,20.92494],[-156.22803,20.92486],[-156.22811,20.92484],[-156.22812,20.92473],[-156.22805,20.92468],[-156.22806,20.92464],[-156.22801,20.92458],[-156.2282,20.92374],[-156.22732,20.92246],[-156.22733,20.92239],[-156.22729,20.92236],[-156.22734,20.92227],[-156.22724,20.92231],[-156.22718,20.92225],[-156.2272,20.92219],[-156.22725,20.92225],[-156.22731,20.92226],[-156.22734,20.92212],[-156.22741,20.92208],[-156.22739,20.92201],[-156.22732,20.92201],[-156.22728,20.92192],[-156.22723,20.92189],[-156.22725,20.9218],[-156.22723,20.92176],[-156.22734,20.92158],[-156.22735,20.9215],[-156.22732,20.9215],[-156.2273,20.92155],[-156.2273,20.92153],[-156.22723,20.9215],[-156.22725,20.92141],[-156.22721,20.92144],[-156.2272,20.92141],[-156.22726,20.9214],[-156.22722,20.92136],[-156.22724,20.92133],[-156.22728,20.92134],[-156.22727,20.92125],[-156.22718,20.92122],[-156.22719,20.9212],[-156.22726,20.92122],[-156.22723,20.92118],[-156.22724,20.92115],[-156.22717,20.92111],[-156.22723,20.92112],[-156.22721,20.92107],[-156.22711,20.92105],[-156.22712,20.92095],[-156.22704,20.92089],[-156.22694,20.92089],[-156.22686,20.92095],[-156.22679,20.92096],[-156.22665,20.92103],[-156.22666,20.92107],[-156.22653,20.92109],[-156.22646,20.92117],[-156.22633,20.92101],[-156.22636,20.91939],[-156.22648,20.91932],[-156.2266,20.91906],[-156.22669,20.91905],[-156.22674,20.91885],[-156.22688,20.91864],[-156.22697,20.91841],[-156.22699,20.91831],[-156.22734,20.91831],[-156.22724,20.91778],[-156.22732,20.91766],[-156.22743,20.91758],[-156.22741,20.91745],[-156.22738,20.91743],[-156.22735,20.91732],[-156.22742,20.91721],[-156.22744,20.91709],[-156.22742,20.91696],[-156.22733,20.91698],[-156.22729,20.91695],[-156.22731,20.9169],[-156.22738,20.91688],[-156.22738,20.91683],[-156.22733,20.91676],[-156.22726,20.91679],[-156.22729,20.91682],[-156.22728,20.91686],[-156.22722,20.9168],[-156.22726,20.91678],[-156.22725,20.91672],[-156.2273,20.91665],[-156.22736,20.9166],[-156.22741,20.9166],[-156.22742,20.91651],[-156.22738,20.91648],[-156.22742,20.91645],[-156.22746,20.91628],[-156.22743,20.91624],[-156.22751,20.91613],[-156.22761,20.91605],[-156.22768,20.91585],[-156.22777,20.91579],[-156.22777,20.91563],[-156.22774,20.91559],[-156.22777,20.91544],[-156.22771,20.91542],[-156.22769,20.91545],[-156.22772,20.9154],[-156.22766,20.91539],[-156.22769,20.91535],[-156.22763,20.9153],[-156.22765,20.91525],[-156.22758,20.91522],[-156.22757,20.91512],[-156.22754,20.9151],[-156.22747,20.91513],[-156.22753,20.91503],[-156.22748,20.91493],[-156.22748,20.91487],[-156.22738,20.91472],[-156.22721,20.91456],[-156.22689,20.91438],[-156.22669,20.91445],[-156.2266,20.91451],[-156.22646,20.91379],[-156.22599,20.91378],[-156.22598,20.91375],[-156.22564,20.91369],[-156.22522,20.91372],[-156.22496,20.91366],[-156.22472,20.91368],[-156.22459,20.91373],[-156.22455,20.91369],[-156.22447,20.91368],[-156.22441,20.9137],[-156.22428,20.91368],[-156.22427,20.91371],[-156.22423,20.91368],[-156.22412,20.9137],[-156.2241,20.91366],[-156.22401,20.91365],[-156.22386,20.91373],[-156.22358,20.91374],[-156.22351,20.91381],[-156.22343,20.91382],[-156.22343,20.91388],[-156.22232,20.91488],[-156.22228,20.91486],[-156.22223,20.91489],[-156.22222,20.91487],[-156.22214,20.91486],[-156.22211,20.91488],[-156.22212,20.91485],[-156.22203,20.91481],[-156.222,20.91486],[-156.22195,20.91487],[-156.22195,20.91494],[-156.22193,20.91495],[-156.2219,20.91494],[-156.22191,20.91491],[-156.22185,20.91494],[-156.22184,20.9149],[-156.22182,20.91493],[-156.22179,20.91493],[-156.22185,20.91496],[-156.22183,20.91499],[-156.22168,20.91497],[-156.22165,20.91501],[-156.22161,20.91519],[-156.22159,20.91513],[-156.22153,20.91513],[-156.22157,20.91513],[-156.22154,20.91521],[-156.2215,20.91516],[-156.22142,20.91517],[-156.22135,20.91509],[-156.2212,20.91515],[-156.22118,20.91506],[-156.22106,20.91501],[-156.22092,20.91505],[-156.22073,20.91503],[-156.22075,20.91517],[-156.22069,20.91519],[-156.22062,20.91513],[-156.2206,20.91519],[-156.22053,20.91516],[-156.22043,20.91521],[-156.2172,20.91439],[-156.21724,20.9143],[-156.21709,20.91399],[-156.21681,20.91364],[-156.21668,20.91355],[-156.21659,20.91355],[-156.21656,20.9136],[-156.21652,20.9136],[-156.21653,20.91365],[-156.21646,20.91368],[-156.21645,20.91374],[-156.2164,20.91372],[-156.21639,20.91379],[-156.21634,20.91379],[-156.21629,20.91374],[-156.21626,20.91376],[-156.21629,20.9138],[-156.2162,20.91377],[-156.21622,20.91377],[-156.21621,20.91372],[-156.21614,20.9137],[-156.21607,20.91373],[-156.21606,20.91377],[-156.21599,20.91376],[-156.21583,20.9137],[-156.21579,20.91364],[-156.21569,20.91361],[-156.21562,20.91363],[-156.21552,20.91353],[-156.21547,20.91356],[-156.21542,20.91351],[-156.21523,20.91354],[-156.21515,20.91351],[-156.21513,20.91347],[-156.21506,20.91347],[-156.2151,20.91342],[-156.21501,20.91341],[-156.21492,20.91349],[-156.21493,20.91352],[-156.21491,20.91357],[-156.21488,20.91358],[-156.21483,20.91356],[-156.21487,20.91362],[-156.21481,20.91361],[-156.21478,20.91359],[-156.2148,20.91353],[-156.21478,20.91347],[-156.21483,20.91351],[-156.21485,20.91347],[-156.21481,20.91345],[-156.21481,20.9134],[-156.21468,20.91333],[-156.21451,20.91332],[-156.21449,20.9133],[-156.21445,20.91331],[-156.2145,20.91319],[-156.21445,20.91315],[-156.21448,20.91303],[-156.21444,20.91298],[-156.21431,20.91311],[-156.21425,20.91307],[-156.21421,20.91295],[-156.21423,20.91283],[-156.21438,20.91281],[-156.21439,20.91277],[-156.21433,20.91276],[-156.2143,20.9128],[-156.21429,20.91278],[-156.21442,20.91253],[-156.21446,20.91252],[-156.21444,20.91246],[-156.21451,20.91244],[-156.21451,20.91239],[-156.21444,20.91235],[-156.21454,20.91223],[-156.21452,20.91219],[-156.2145,20.91222],[-156.21447,20.91222],[-156.21447,20.91218],[-156.2144,20.91215],[-156.21438,20.9121],[-156.21438,20.91208],[-156.21442,20.9121],[-156.21443,20.91205],[-156.21438,20.91204],[-156.21444,20.91203],[-156.21444,20.91208],[-156.21451,20.91209],[-156.21449,20.91203],[-156.21453,20.91202],[-156.21443,20.91189],[-156.21443,20.91184],[-156.21449,20.91179],[-156.21449,20.91175],[-156.21446,20.91169],[-156.21439,20.91168],[-156.21438,20.91163],[-156.21441,20.91161],[-156.21446,20.91162],[-156.21451,20.91156],[-156.21444,20.91151],[-156.21438,20.91154],[-156.21436,20.9115],[-156.21437,20.91147],[-156.21449,20.91148],[-156.21449,20.91138],[-156.21444,20.91141],[-156.21441,20.91139],[-156.21441,20.91137],[-156.21435,20.91138],[-156.21433,20.91135],[-156.21437,20.91136],[-156.21439,20.91134],[-156.21443,20.91137],[-156.21449,20.91135],[-156.21447,20.91133],[-156.21449,20.91132],[-156.21444,20.91131],[-156.21445,20.91128],[-156.21439,20.91127],[-156.21443,20.91124],[-156.21446,20.91113],[-156.21437,20.91112],[-156.21434,20.91096],[-156.21438,20.91097],[-156.21442,20.91094],[-156.21439,20.91093],[-156.21439,20.91091],[-156.21442,20.91093],[-156.21445,20.91089],[-156.21446,20.91085],[-156.21442,20.91083],[-156.21449,20.91079],[-156.21449,20.91068],[-156.21456,20.91064],[-156.21458,20.91057],[-156.21454,20.91052],[-156.21461,20.91044],[-156.21453,20.9104],[-156.21456,20.9104],[-156.21454,20.91036],[-156.2146,20.91041],[-156.21463,20.9103],[-156.21448,20.90992],[-156.21509,20.90548],[-156.21414,20.90456],[-156.2141,20.90458],[-156.21391,20.90427],[-156.21361,20.90415],[-156.21341,20.90418],[-156.21317,20.90431],[-156.21305,20.90443],[-156.21302,20.90451],[-156.21309,20.90461],[-156.21319,20.90462],[-156.21325,20.90471],[-156.21324,20.90478],[-156.21319,20.90479],[-156.21321,20.90483],[-156.21316,20.9049],[-156.21315,20.90483],[-156.21312,20.90489],[-156.21303,20.9049],[-156.21287,20.90503],[-156.21284,20.90503],[-156.21282,20.90496],[-156.21279,20.90504],[-156.21274,20.90502],[-156.21276,20.90494],[-156.21274,20.90494],[-156.2127,20.90501],[-156.21261,20.90507],[-156.21253,20.90507],[-156.21242,20.90513],[-156.21232,20.90512],[-156.21226,20.90505],[-156.2124,20.90485],[-156.21237,20.90482],[-156.21219,20.90491],[-156.21215,20.9049],[-156.21215,20.90497],[-156.21211,20.90493],[-156.21205,20.90497],[-156.21208,20.90492],[-156.21212,20.90492],[-156.21206,20.9049],[-156.21204,20.90492],[-156.21195,20.90467],[-156.21198,20.90461],[-156.21207,20.90457],[-156.2122,20.90446],[-156.21219,20.90444],[-156.21223,20.90443],[-156.21228,20.90429],[-156.21225,20.90423],[-156.21228,20.90415],[-156.21235,20.90407],[-156.21234,20.90405],[-156.21241,20.90401],[-156.21239,20.90401],[-156.2124,20.90397],[-156.21244,20.90398],[-156.2125,20.90392],[-156.2125,20.90389],[-156.21244,20.90384],[-156.2125,20.90381],[-156.21245,20.90374],[-156.21251,20.90367],[-156.2125,20.90358],[-156.21247,20.90355],[-156.2124,20.90358],[-156.21237,20.90355],[-156.21222,20.90355],[-156.21225,20.90351],[-156.21213,20.90348],[-156.21207,20.90351],[-156.21206,20.90347],[-156.21196,20.90342],[-156.21193,20.90337],[-156.21196,20.90336],[-156.21197,20.90326],[-156.21192,20.9032],[-156.21194,20.90318],[-156.2119,20.90311],[-156.21175,20.90314],[-156.21174,20.90301],[-156.2117,20.90302],[-156.21171,20.90304],[-156.21167,20.90309],[-156.21161,20.90307],[-156.21156,20.90296],[-156.21159,20.90291],[-156.21153,20.90292],[-156.2115,20.90284],[-156.21146,20.90285],[-156.21145,20.90281],[-156.21143,20.90283],[-156.21145,20.90276],[-156.21143,20.90269],[-156.21146,20.90268],[-156.21103,20.90254],[-156.21092,20.90256],[-156.2108,20.90253],[-156.21079,20.90257],[-156.21073,20.90257],[-156.21071,20.9026],[-156.21073,20.9027],[-156.21057,20.90269],[-156.21059,20.90262],[-156.21046,20.90258],[-156.21018,20.90262],[-156.21016,20.90267],[-156.2101,20.90269],[-156.20857,20.90266],[-156.20854,20.90263],[-156.20853,20.90265],[-156.20843,20.90261],[-156.20839,20.90253],[-156.20831,20.90252],[-156.20829,20.90246],[-156.20809,20.90243],[-156.2081,20.9024],[-156.20807,20.90239],[-156.2081,20.90238],[-156.20803,20.90234],[-156.20804,20.90231],[-156.20789,20.90224],[-156.20783,20.90228],[-156.20785,20.90221],[-156.20764,20.90212],[-156.20765,20.90206],[-156.20756,20.90202],[-156.20759,20.90201],[-156.20753,20.90198],[-156.20758,20.90194],[-156.20751,20.90187],[-156.20746,20.90185],[-156.20738,20.90187],[-156.20731,20.90175],[-156.20727,20.90173],[-156.20728,20.90176],[-156.20726,20.90176],[-156.20719,20.90167],[-156.20716,20.90168],[-156.20716,20.90164],[-156.20704,20.90159],[-156.20695,20.90151],[-156.20687,20.90147],[-156.2068,20.90147],[-156.20677,20.90145],[-156.20679,20.90139],[-156.20656,20.90122],[-156.20632,20.90109],[-156.20625,20.90111],[-156.20624,20.90105],[-156.20584,20.90078],[-156.20574,20.90078],[-156.20571,20.90074],[-156.20565,20.90076],[-156.20562,20.90073],[-156.20557,20.90075],[-156.20558,20.90078],[-156.20553,20.90077],[-156.20552,20.90074],[-156.20556,20.90074],[-156.2055,20.90066],[-156.20552,20.90061],[-156.20544,20.90052],[-156.20537,20.90051],[-156.20539,20.90041],[-156.20534,20.90027],[-156.20528,20.90017],[-156.20516,20.90015],[-156.20516,20.90006],[-156.20503,20.89995],[-156.20502,20.89978],[-156.20484,20.8995],[-156.2049,20.89936],[-156.20499,20.89925],[-156.20499,20.8992],[-156.20504,20.89921],[-156.20506,20.89918],[-156.20507,20.89909],[-156.20502,20.89893],[-156.20495,20.89886],[-156.20491,20.89886],[-156.2049,20.89889],[-156.2047,20.89888],[-156.20464,20.89885],[-156.20466,20.89808],[-156.20157,20.89745],[-156.20154,20.89741],[-156.20127,20.89722],[-156.20117,20.89719],[-156.20096,20.89715],[-156.20076,20.89719],[-156.20063,20.89726],[-156.2005,20.89723],[-156.20046,20.89697],[-156.2003,20.89681],[-156.20008,20.89687],[-156.19997,20.89679],[-156.19988,20.89677],[-156.1998,20.89682],[-156.19977,20.8969],[-156.1997,20.89694],[-156.19966,20.89689],[-156.19976,20.89678],[-156.19969,20.89674],[-156.19974,20.89671],[-156.1997,20.8967],[-156.19971,20.89661],[-156.19963,20.89651],[-156.19942,20.89643],[-156.19934,20.8963],[-156.19942,20.89607],[-156.1994,20.89576],[-156.19936,20.89577],[-156.19927,20.89572],[-156.19904,20.89548],[-156.1989,20.89545],[-156.19891,20.89542],[-156.19887,20.89538],[-156.19889,20.89534],[-156.19867,20.89515],[-156.19838,20.89498],[-156.19828,20.89489],[-156.19826,20.89481],[-156.19801,20.89488],[-156.19774,20.89486],[-156.1977,20.89491],[-156.19763,20.89492],[-156.1961,20.89343],[-156.19579,20.89356],[-156.1956,20.89333],[-156.19556,20.89341],[-156.19553,20.89339],[-156.1953,20.8936],[-156.19507,20.89369],[-156.19486,20.89387],[-156.1948,20.89401],[-156.1943,20.89423],[-156.19435,20.89417],[-156.1943,20.89416],[-156.19424,20.89426],[-156.19421,20.89423],[-156.19422,20.89418],[-156.19429,20.89415],[-156.19429,20.89409],[-156.19435,20.89405],[-156.19439,20.89394],[-156.19457,20.89372],[-156.19458,20.89367],[-156.19465,20.89363],[-156.19465,20.89357],[-156.1948,20.89341],[-156.1948,20.89335],[-156.19465,20.89335],[-156.19446,20.89346],[-156.19438,20.89359],[-156.19433,20.89362],[-156.19432,20.89355],[-156.1943,20.89355],[-156.19432,20.89352],[-156.19426,20.89353],[-156.1942,20.89348],[-156.19418,20.89349],[-156.19418,20.89339],[-156.1942,20.89338],[-156.1942,20.89335],[-156.19418,20.89336],[-156.19418,20.89313],[-156.19423,20.89305],[-156.19426,20.89307],[-156.19427,20.89302],[-156.1943,20.89304],[-156.19428,20.89309],[-156.19431,20.89313],[-156.19445,20.89314],[-156.19448,20.8931],[-156.19444,20.89299],[-156.19449,20.89299],[-156.19453,20.8929],[-156.19455,20.89293],[-156.19456,20.89289],[-156.19453,20.89287],[-156.19458,20.89283],[-156.19461,20.89286],[-156.19459,20.89288],[-156.19464,20.89287],[-156.19458,20.89281],[-156.19459,20.89278],[-156.19454,20.89277],[-156.19458,20.89264],[-156.19447,20.8926],[-156.19445,20.89255],[-156.19459,20.89259],[-156.19465,20.89254],[-156.19466,20.89248],[-156.19461,20.89243],[-156.19459,20.89247],[-156.19458,20.89243],[-156.19463,20.89241],[-156.19462,20.89237],[-156.19458,20.89236],[-156.19457,20.89231],[-156.19449,20.89231],[-156.19447,20.89227],[-156.19449,20.89225],[-156.19453,20.89228],[-156.19463,20.89217],[-156.19464,20.89208],[-156.19461,20.89202],[-156.19466,20.89206],[-156.19471,20.89201],[-156.19471,20.89204],[-156.19475,20.89205],[-156.19476,20.89195],[-156.19478,20.89195],[-156.19477,20.89198],[-156.19483,20.89198],[-156.19487,20.89191],[-156.19493,20.89196],[-156.19502,20.89187],[-156.19517,20.89177],[-156.19512,20.89176],[-156.19511,20.89169],[-156.19511,20.89166],[-156.19518,20.89167],[-156.19514,20.89164],[-156.19515,20.8916],[-156.19508,20.89151],[-156.19509,20.89144],[-156.19514,20.89146],[-156.19513,20.89136],[-156.19714,20.88893],[-156.19906,20.88896],[-156.20105,20.88538],[-156.20297,20.88542],[-156.20578,20.88907],[-156.21055,20.89096],[-156.21052,20.89276],[-156.21342,20.89191],[-156.21719,20.89558],[-156.21728,20.89107],[-156.2192,20.8911],[-156.21925,20.88839],[-156.22211,20.88934],[-156.22503,20.88758],[-156.22403,20.88937],[-156.22496,20.89119],[-156.2269,20.89032],[-156.22686,20.89212],[-156.23165,20.89311],[-156.23161,20.89491],[-156.2345,20.89496],[-156.23922,20.89955],[-156.2421,20.89959],[-156.24208,20.9005],[-156.24402,20.89962],[-156.24495,20.90145],[-156.25544,20.90523],[-156.25732,20.90796],[-156.2602,20.90801],[-156.26113,20.90983],[-156.26401,20.90988],[-156.26493,20.9117],[-156.26876,20.91266],[-156.26977,20.90997],[-156.27171,20.9091],[-156.27475,20.90012],[-156.27667,20.90015],[-156.2777,20.89655],[-156.27964,20.89568],[-156.27869,20.89476],[-156.2797,20.89207],[-156.27586,20.89201],[-156.27015,20.88921],[-156.27023,20.8847],[-156.26738,20.88285],[-156.2645,20.8828],[-156.26445,20.88551],[-156.26349,20.88549],[-156.24825,20.87803],[-156.2493,20.87353],[-156.25721,20.86102],[-156.25726,20.85831],[-156.26123,20.85115],[-156.26414,20.84939],[-156.26419,20.84668],[-156.25848,20.84388],[-156.25755,20.84206],[-156.25373,20.8411],[-156.25379,20.83749],[-156.25186,20.83836],[-156.24997,20.83653],[-156.24709,20.83648],[-156.24047,20.83096],[-156.23665,20.82999],[-156.23575,20.82637],[-156.23964,20.82372],[-156.23967,20.82191],[-156.23587,20.82005],[-156.23489,20.82093],[-156.23203,20.81999],[-156.23497,20.81642],[-156.23502,20.81371],[-156.23697,20.81194],[-156.23888,20.81287],[-156.23894,20.80926],[-156.24278,20.80933],[-156.24088,20.80839],[-156.24091,20.80659],[-156.2448,20.80394],[-156.24483,20.80214],[-156.24775,20.80038],[-156.24975,20.7959],[-156.25264,20.79504],[-156.25268,20.79323],[-156.25461,20.79236],[-156.25464,20.79056],[-156.25658,20.78969],[-156.25661,20.78788],[-156.25855,20.78701],[-156.26153,20.78164],[-156.25575,20.78245],[-156.25673,20.78156],[-156.2558,20.77974],[-156.25774,20.77887],[-156.25777,20.77706],[-156.25203,20.77607],[-156.2511,20.77425],[-156.25214,20.76975],[-156.25027,20.76701],[-156.24546,20.76784],[-156.24547,20.76694],[-156.23781,20.76591],[-156.23874,20.76773],[-156.23768,20.77313],[-156.23573,20.77491],[-156.23287,20.77396],[-156.23183,20.77845],[-156.23083,20.78024],[-156.22891,20.78021],[-156.22888,20.78202],[-156.22792,20.782],[-156.22797,20.77929],[-156.22602,20.78107],[-156.22411,20.78013],[-156.22218,20.78101],[-156.22221,20.7792],[-156.22415,20.77833],[-156.22421,20.77472],[-156.22325,20.7747],[-156.22428,20.77111],[-156.22142,20.77016],[-156.22145,20.76836],[-156.22046,20.77015],[-156.21659,20.77189],[-156.21376,20.76913],[-156.20606,20.76991],[-156.20314,20.77257],[-156.2031,20.77438],[-156.206,20.77352],[-156.20787,20.77626],[-156.20492,20.77982],[-156.203,20.77979],[-156.20393,20.78161],[-156.2039,20.78342],[-156.20198,20.78339],[-156.2029,20.78521],[-156.20181,20.79241],[-156.20275,20.79333],[-156.19987,20.79328],[-156.19981,20.79689],[-156.19885,20.79688],[-156.19795,20.79325],[-156.19989,20.79238],[-156.19896,20.79056],[-156.19997,20.78787],[-156.19709,20.78782],[-156.19807,20.78693],[-156.19721,20.7815],[-156.19344,20.77783],[-156.19349,20.77512],[-156.19155,20.77599],[-156.1926,20.7715],[-156.18876,20.77143],[-156.18777,20.77322],[-156.18684,20.7714],[-156.18396,20.77136],[-156.18201,20.77313],[-156.18292,20.77585],[-156.18098,20.77672],[-156.17926,20.76586],[-156.1783,20.76585],[-156.17938,20.75954],[-156.17743,20.76132],[-156.17749,20.75771],[-156.17559,20.75677],[-156.17563,20.75497],[-156.1708,20.7567],[-156.16975,20.76119],[-156.16783,20.76116],[-156.16694,20.75753],[-156.16408,20.75658],[-156.16309,20.75837],[-156.16122,20.75563],[-156.1593,20.7556],[-156.15925,20.75831],[-156.15733,20.75828],[-156.1573,20.76008],[-156.15251,20.7591],[-156.1526,20.75459],[-156.14975,20.75274],[-156.14592,20.75267],[-156.14587,20.75538],[-156.14299,20.75533],[-156.14206,20.75351],[-156.14013,20.75438],[-156.14002,20.7598],[-156.14189,20.76254],[-156.14667,20.76352],[-156.1476,20.76534],[-156.15048,20.76539],[-156.1514,20.76721],[-156.15336,20.76543],[-156.16009,20.76464],[-156.16103,20.76556],[-156.15992,20.77367],[-156.15426,20.76816],[-156.15043,20.76809],[-156.15039,20.7699],[-156.14851,20.76806],[-156.14847,20.76987],[-156.14655,20.76984],[-156.14755,20.76805],[-156.14566,20.76621],[-156.14469,20.7671],[-156.13511,20.76603],[-156.13122,20.76868],[-156.1245,20.76856],[-156.12447,20.77037],[-156.12253,20.77124],[-156.1139,20.77109],[-156.11193,20.77377],[-156.11198,20.77106],[-156.1091,20.77101],[-156.11009,20.76923],[-156.10819,20.76829],[-156.10728,20.76557],[-156.10631,20.76645],[-156.09961,20.76544],[-156.0986,20.76813],[-156.09666,20.769],[-156.09495,20.75814],[-156.09013,20.75896],[-156.08914,20.76075],[-156.0853,20.76068],[-156.08528,20.76158],[-156.07763,20.76055],[-156.07564,20.76413],[-156.07372,20.7641],[-156.07379,20.76049],[-156.07192,20.75775],[-156.07386,20.75688],[-156.07389,20.75507],[-156.07199,20.75414],[-156.0749,20.75238],[-156.07583,20.7542],[-156.07775,20.75423],[-156.07693,20.747],[-156.076,20.74518],[-156.07408,20.74514],[-156.07414,20.74244],[-156.07506,20.74426],[-156.07796,20.74341],[-156.07696,20.74519],[-156.08178,20.74437],[-156.0827,20.74619],[-156.08462,20.74623],[-156.08465,20.74442],[-156.08274,20.74439],[-156.08373,20.7426],[-156.08085,20.74255],[-156.08284,20.73897],[-156.08089,20.74075],[-156.079,20.73891],[-156.08479,20.7372],[-156.08484,20.7345],[-156.08772,20.73454],[-156.08776,20.73274],[-156.09346,20.73554],[-156.09245,20.73824],[-156.09437,20.73827],[-156.09545,20.73197],[-156.08875,20.73095],[-156.0907,20.72918],[-156.08976,20.72826]],[[-156.42274,20.59834],[-156.42265,20.59842],[-156.42271,20.59841],[-156.42284,20.59851],[-156.42293,20.59846],[-156.42295,20.59836],[-156.42284,20.5983],[-156.42283,20.59835],[-156.42274,20.59834]],[[-156.42307,20.59733],[-156.42316,20.59734],[-156.42324,20.5973],[-156.42331,20.59722],[-156.42337,20.5972],[-156.42338,20.59711],[-156.42316,20.59705],[-156.42309,20.59706],[-156.42307,20.59733]],[[-156.42309,20.59692],[-156.42309,20.59703],[-156.42335,20.59691],[-156.42343,20.59694],[-156.42351,20.5971],[-156.42358,20.5971],[-156.42356,20.59708],[-156.42358,20.59703],[-156.42338,20.5968],[-156.42326,20.59682],[-156.42321,20.59677],[-156.42317,20.59677],[-156.42314,20.59684],[-156.42311,20.59684],[-156.42314,20.59686],[-156.42309,20.59692]],[[-156.42353,20.59714],[-156.42355,20.59744],[-156.42346,20.59752],[-156.42356,20.59755],[-156.42363,20.59752],[-156.42367,20.59757],[-156.42371,20.59758],[-156.42372,20.59747],[-156.42374,20.59745],[-156.42377,20.59748],[-156.42377,20.59744],[-156.42358,20.59713],[-156.42353,20.59714]]]}},{"type":"Feature","properties":{"km2":114.6},"geometry":{"type":"Polygon","coordinates":[[[-156.56538,20.60236],[-156.5654,20.60232],[-156.56537,20.6022],[-156.56522,20.60216],[-156.56465,20.60147],[-156.56465,20.60145],[-156.56477,20.60139],[-156.56472,20.60132],[-156.56478,20.60128],[-156.56475,20.60121],[-156.56451,20.60115],[-156.56447,20.60126],[-156.56419,20.60091],[-156.56421,20.60085],[-156.56418,20.60078],[-156.56411,20.60076],[-156.56409,20.60072],[-156.56402,20.60071],[-156.56396,20.60063],[-156.56413,20.60049],[-156.56413,20.6004],[-156.564,20.60019],[-156.56376,20.59998],[-156.56364,20.60003],[-156.56346,20.59993],[-156.56337,20.59993],[-156.56208,20.59835],[-156.5581,20.59668],[-156.55799,20.59657],[-156.55786,20.59658],[-156.55739,20.59638],[-156.55736,20.59632],[-156.55723,20.59624],[-156.55732,20.59604],[-156.55727,20.59597],[-156.55723,20.596],[-156.5572,20.59596],[-156.55717,20.5959],[-156.55718,20.59583],[-156.55703,20.59578],[-156.55674,20.59573],[-156.55665,20.59577],[-156.55661,20.59583],[-156.5565,20.59591],[-156.55646,20.59591],[-156.556,20.59573],[-156.556,20.59579],[-156.55597,20.59579],[-156.55588,20.5957],[-156.55584,20.59572],[-156.55584,20.59558],[-156.55574,20.59557],[-156.55573,20.59548],[-156.55571,20.59545],[-156.55568,20.59546],[-156.55565,20.59536],[-156.5556,20.59532],[-156.5555,20.59531],[-156.55543,20.59537],[-156.55544,20.59529],[-156.55538,20.59522],[-156.5553,20.59519],[-156.55522,20.59522],[-156.55512,20.59517],[-156.55505,20.59503],[-156.55514,20.59494],[-156.55503,20.59494],[-156.55495,20.59481],[-156.55483,20.5948],[-156.55365,20.59327],[-156.55365,20.59314],[-156.55355,20.593],[-156.55344,20.59289],[-156.5533,20.59281],[-156.55259,20.5919],[-156.55072,20.59187],[-156.55079,20.59165],[-156.55077,20.59161],[-156.55055,20.59148],[-156.55047,20.59147],[-156.55016,20.59087],[-156.55019,20.59085],[-156.55029,20.59088],[-156.55035,20.5908],[-156.55045,20.59075],[-156.55055,20.59058],[-156.55052,20.59037],[-156.55041,20.59032],[-156.55036,20.59023],[-156.55022,20.59014],[-156.55019,20.58996],[-156.55012,20.58987],[-156.54997,20.58981],[-156.54984,20.58979],[-156.55044,20.58819],[-156.55059,20.58802],[-156.55058,20.5878],[-156.55075,20.58736],[-156.55009,20.58735],[-156.55007,20.58731],[-156.54989,20.58732],[-156.54966,20.58722],[-156.54952,20.58731],[-156.54929,20.58734],[-156.54933,20.58728],[-156.54929,20.58721],[-156.54916,20.58723],[-156.54919,20.58717],[-156.54914,20.58715],[-156.54902,20.58719],[-156.54892,20.58705],[-156.54901,20.58694],[-156.54902,20.58684],[-156.54912,20.58671],[-156.54905,20.58668],[-156.54909,20.58663],[-156.54904,20.5866],[-156.54899,20.58666],[-156.54894,20.58665],[-156.54892,20.58654],[-156.54883,20.58647],[-156.54872,20.58646],[-156.54855,20.58654],[-156.54855,20.5865],[-156.54852,20.58652],[-156.5485,20.58649],[-156.54853,20.58641],[-156.54851,20.58635],[-156.54841,20.58632],[-156.54842,20.58624],[-156.54832,20.58627],[-156.54827,20.58625],[-156.54833,20.58621],[-156.54832,20.58616],[-156.54824,20.58616],[-156.54819,20.58613],[-156.54815,20.58623],[-156.54806,20.5862],[-156.54795,20.58614],[-156.54791,20.58609],[-156.54792,20.58601],[-156.5479,20.586],[-156.54781,20.58601],[-156.54778,20.58607],[-156.54768,20.58595],[-156.54766,20.58588],[-156.54762,20.58586],[-156.54754,20.5859],[-156.54751,20.58585],[-156.54746,20.58587],[-156.54735,20.58575],[-156.54748,20.58561],[-156.54748,20.58556],[-156.54758,20.5855],[-156.54763,20.58549],[-156.54765,20.58543],[-156.54761,20.58538],[-156.54751,20.58531],[-156.54744,20.5853],[-156.54739,20.58531],[-156.5473,20.58541],[-156.54705,20.58543],[-156.54689,20.58526],[-156.54688,20.5852],[-156.54673,20.58509],[-156.54651,20.58486],[-156.54656,20.58478],[-156.54651,20.58462],[-156.54644,20.58469],[-156.54635,20.58464],[-156.54643,20.58452],[-156.54656,20.58443],[-156.54647,20.58423],[-156.54638,20.58415],[-156.54613,20.58407],[-156.54602,20.584],[-156.54594,20.58399],[-156.54588,20.58393],[-156.54561,20.58384],[-156.54545,20.58373],[-156.54467,20.58289],[-156.54464,20.5828],[-156.54443,20.58263],[-156.54364,20.58179],[-156.5437,20.58167],[-156.54366,20.58163],[-156.54357,20.58162],[-156.54343,20.58155],[-156.54342,20.58146],[-156.54345,20.5814],[-156.54341,20.58138],[-156.54337,20.58143],[-156.5433,20.58138],[-156.54327,20.58139],[-156.54316,20.58128],[-156.54318,20.58125],[-156.54314,20.58126],[-156.54307,20.58118],[-156.54307,20.58111],[-156.54318,20.58104],[-156.54315,20.58084],[-156.54305,20.58075],[-156.54283,20.58077],[-156.54269,20.58073],[-156.5425,20.58045],[-156.54239,20.58045],[-156.54205,20.58009],[-156.54212,20.58012],[-156.54232,20.58004],[-156.5423,20.57967],[-156.54227,20.57964],[-156.54221,20.57967],[-156.54219,20.5798],[-156.54209,20.57978],[-156.54196,20.57964],[-156.54161,20.57945],[-156.54158,20.57937],[-156.54159,20.57926],[-156.54156,20.57926],[-156.54156,20.57931],[-156.5415,20.57937],[-156.54138,20.57927],[-156.54138,20.57921],[-156.54147,20.57916],[-156.54156,20.57916],[-156.54167,20.57905],[-156.54161,20.57887],[-156.54156,20.57888],[-156.54152,20.57895],[-156.54143,20.57895],[-156.54137,20.57893],[-156.5414,20.57877],[-156.54138,20.57875],[-156.54133,20.57875],[-156.54126,20.5788],[-156.54102,20.57878],[-156.54099,20.57876],[-156.541,20.57871],[-156.54088,20.57858],[-156.5407,20.57847],[-156.54062,20.57833],[-156.54065,20.57815],[-156.54048,20.57814],[-156.54048,20.57809],[-156.54037,20.57803],[-156.54019,20.57781],[-156.54004,20.57774],[-156.54006,20.57768],[-156.54001,20.57764],[-156.54003,20.57746],[-156.53996,20.57744],[-156.54,20.57738],[-156.53995,20.5773],[-156.53999,20.57718],[-156.53994,20.57716],[-156.53979,20.57718],[-156.53967,20.57704],[-156.5395,20.57704],[-156.53941,20.57697],[-156.53942,20.57689],[-156.53949,20.57684],[-156.53961,20.57686],[-156.53959,20.5768],[-156.53951,20.57675],[-156.53941,20.57673],[-156.53943,20.5755],[-156.53958,20.57542],[-156.53964,20.5753],[-156.53943,20.5753],[-156.53944,20.57483],[-156.53951,20.5748],[-156.53951,20.57475],[-156.53965,20.57458],[-156.53944,20.57453],[-156.53945,20.57437],[-156.53948,20.57433],[-156.53962,20.57427],[-156.53951,20.57428],[-156.53945,20.57422],[-156.53945,20.57417],[-156.53978,20.57406],[-156.5398,20.57398],[-156.53985,20.57394],[-156.53946,20.57376],[-156.53946,20.57365],[-156.53933,20.57365],[-156.5393,20.5736],[-156.53913,20.57355],[-156.53914,20.57351],[-156.53909,20.57339],[-156.53907,20.57342],[-156.53898,20.57341],[-156.53895,20.57344],[-156.53886,20.57337],[-156.53889,20.57334],[-156.5389,20.57327],[-156.53874,20.57323],[-156.53871,20.57319],[-156.53876,20.57314],[-156.53871,20.57309],[-156.53872,20.57306],[-156.53868,20.57307],[-156.53864,20.57314],[-156.53875,20.57275],[-156.53889,20.57268],[-156.53881,20.57258],[-156.53891,20.57256],[-156.53896,20.57248],[-156.53889,20.57246],[-156.53893,20.57232],[-156.53904,20.57228],[-156.53909,20.57223],[-156.53911,20.57214],[-156.53907,20.57213],[-156.53911,20.57209],[-156.53936,20.57196],[-156.53933,20.57158],[-156.53924,20.57132],[-156.5392,20.57132],[-156.53922,20.5712],[-156.53919,20.57119],[-156.53952,20.57004],[-156.53925,20.57004],[-156.53926,20.56984],[-156.53921,20.56978],[-156.53907,20.56969],[-156.53883,20.56958],[-156.53854,20.56959],[-156.53828,20.56967],[-156.53782,20.56964],[-156.53761,20.56956],[-156.53762,20.56886],[-156.53796,20.56872],[-156.53797,20.56871],[-156.53789,20.56866],[-156.53789,20.56861],[-156.53796,20.56852],[-156.53805,20.56852],[-156.53814,20.5684],[-156.53805,20.56837],[-156.53808,20.56832],[-156.53816,20.56824],[-156.53828,20.56821],[-156.53835,20.56812],[-156.53863,20.56807],[-156.53867,20.56823],[-156.53919,20.56815],[-156.53922,20.56822],[-156.53969,20.56826],[-156.53978,20.56815],[-156.53985,20.56814],[-156.53987,20.56821],[-156.53997,20.56827],[-156.54016,20.56833],[-156.54019,20.56832],[-156.54019,20.56826],[-156.5401,20.56804],[-156.54013,20.56791],[-156.5401,20.56785],[-156.54017,20.56784],[-156.54019,20.56774],[-156.54031,20.56756],[-156.54071,20.56746],[-156.54071,20.56753],[-156.54078,20.56753],[-156.54091,20.56745],[-156.541,20.56744],[-156.54109,20.56752],[-156.54115,20.56753],[-156.54144,20.5675],[-156.54145,20.56755],[-156.54158,20.56755],[-156.54169,20.56767],[-156.54179,20.56767],[-156.54184,20.56765],[-156.54193,20.56753],[-156.54195,20.56744],[-156.54182,20.5674],[-156.5419,20.56739],[-156.54187,20.56729],[-156.542,20.56718],[-156.54199,20.56715],[-156.54476,20.56648],[-156.54481,20.56651],[-156.54499,20.5665],[-156.54504,20.5666],[-156.54522,20.56653],[-156.54529,20.56662],[-156.54542,20.56665],[-156.54546,20.56661],[-156.54558,20.56656],[-156.54559,20.56642],[-156.54566,20.56638],[-156.54561,20.56635],[-156.54561,20.56628],[-156.54822,20.56565],[-156.54823,20.5646],[-156.54837,20.56436],[-156.5483,20.56417],[-156.54831,20.56395],[-156.54825,20.56365],[-156.54827,20.56228],[-156.5483,20.5622],[-156.54827,20.56208],[-156.54829,20.56114],[-156.54754,20.56077],[-156.54737,20.56065],[-156.54725,20.56062],[-156.54716,20.56052],[-156.54704,20.56049],[-156.54701,20.56033],[-156.54691,20.56027],[-156.54692,20.56023],[-156.54704,20.5602],[-156.54705,20.56016],[-156.54698,20.56],[-156.54689,20.55994],[-156.5468,20.55999],[-156.54672,20.55999],[-156.5466,20.55987],[-156.54655,20.55975],[-156.5466,20.55962],[-156.54653,20.55963],[-156.54652,20.55959],[-156.54656,20.55954],[-156.54681,20.55944],[-156.54684,20.55935],[-156.54676,20.55933],[-156.54663,20.5592],[-156.5466,20.55904],[-156.54667,20.55902],[-156.54673,20.55893],[-156.54682,20.55888],[-156.54702,20.55888],[-156.54708,20.55883],[-156.54708,20.55868],[-156.54713,20.55855],[-156.54717,20.55827],[-156.54729,20.5582],[-156.54737,20.5582],[-156.5474,20.55808],[-156.54759,20.55801],[-156.54767,20.55802],[-156.54768,20.5581],[-156.54776,20.55807],[-156.54782,20.5581],[-156.54785,20.55805],[-156.54785,20.55786],[-156.54792,20.55774],[-156.54835,20.55752],[-156.54837,20.55577],[-156.54842,20.5557],[-156.54838,20.55556],[-156.5484,20.55403],[-156.54844,20.55399],[-156.54841,20.55383],[-156.54842,20.55305],[-156.54848,20.55293],[-156.54846,20.55272],[-156.54851,20.55266],[-156.54842,20.55262],[-156.54844,20.55164],[-156.54864,20.55155],[-156.54869,20.55148],[-156.54883,20.5515],[-156.54898,20.55144],[-156.54909,20.55134],[-156.54927,20.55129],[-156.54925,20.55115],[-156.54944,20.55111],[-156.54949,20.55106],[-156.54963,20.55105],[-156.5497,20.55091],[-156.54968,20.55085],[-156.5499,20.55077],[-156.54992,20.55066],[-156.54989,20.55051],[-156.55009,20.55031],[-156.5503,20.55026],[-156.55041,20.55007],[-156.55034,20.55004],[-156.55033,20.54991],[-156.55065,20.54962],[-156.55114,20.54946],[-156.55117,20.54943],[-156.55116,20.54937],[-156.5513,20.54926],[-156.55139,20.54908],[-156.55142,20.54891],[-156.5514,20.54884],[-156.55129,20.54873],[-156.55125,20.54864],[-156.55331,20.54676],[-156.5532,20.5463],[-156.55324,20.54593],[-156.55339,20.54529],[-156.55335,20.54522],[-156.55305,20.54519],[-156.55291,20.54513],[-156.55251,20.54355],[-156.55258,20.54349],[-156.55264,20.54324],[-156.55245,20.5431],[-156.55265,20.54291],[-156.55266,20.54297],[-156.55276,20.543],[-156.55294,20.54289],[-156.55306,20.54268],[-156.55318,20.54255],[-156.55316,20.54245],[-156.55436,20.54136],[-156.55446,20.53504],[-156.55161,20.53319],[-156.54679,20.53493],[-156.54629,20.53583],[-156.54588,20.53597],[-156.54583,20.53602],[-156.54582,20.53611],[-156.54542,20.53652],[-156.54536,20.53662],[-156.54529,20.53666],[-156.54499,20.53666],[-156.54487,20.53671],[-156.54475,20.53668],[-156.54468,20.5367],[-156.54269,20.53668],[-156.54264,20.53664],[-156.54252,20.53662],[-156.54236,20.53663],[-156.54224,20.53652],[-156.54206,20.53647],[-156.5419,20.5365],[-156.54174,20.53645],[-156.54159,20.53645],[-156.54148,20.53642],[-156.54147,20.53636],[-156.54132,20.53634],[-156.54124,20.5363],[-156.54111,20.53632],[-156.54098,20.53623],[-156.54089,20.53622],[-156.54085,20.53613],[-156.54095,20.53605],[-156.54095,20.53592],[-156.54108,20.53586],[-156.54106,20.53578],[-156.54099,20.53576],[-156.54093,20.5357],[-156.54097,20.53559],[-156.54086,20.53546],[-156.54087,20.53538],[-156.54098,20.53526],[-156.541,20.53505],[-156.5409,20.53491],[-156.54076,20.53486],[-156.54068,20.53486],[-156.54037,20.53471],[-156.54041,20.5346],[-156.54039,20.53452],[-156.54032,20.53448],[-156.54029,20.5344],[-156.54025,20.53439],[-156.5401,20.53393],[-156.53752,20.53424],[-156.53737,20.5342],[-156.53727,20.53426],[-156.53711,20.53429],[-156.53703,20.5342],[-156.53686,20.53431],[-156.53684,20.53426],[-156.53673,20.53422],[-156.53648,20.53428],[-156.5364,20.53437],[-156.5341,20.53465],[-156.53408,20.53463],[-156.53392,20.53466],[-156.53373,20.53464],[-156.53367,20.53468],[-156.5336,20.5346],[-156.53363,20.53447],[-156.53357,20.53437],[-156.53383,20.5343],[-156.53385,20.53425],[-156.53384,20.53419],[-156.53365,20.53408],[-156.53359,20.53401],[-156.53352,20.53402],[-156.53352,20.5341],[-156.53342,20.53408],[-156.53343,20.5339],[-156.53354,20.53393],[-156.53374,20.53384],[-156.53379,20.53372],[-156.5336,20.53368],[-156.53356,20.53365],[-156.53353,20.53356],[-156.53341,20.53351],[-156.53342,20.53339],[-156.53336,20.53338],[-156.53335,20.53341],[-156.5333,20.53339],[-156.5333,20.53335],[-156.53341,20.53327],[-156.53337,20.53317],[-156.53325,20.53317],[-156.53328,20.53331],[-156.53325,20.53334],[-156.53319,20.53275],[-156.5333,20.53277],[-156.53339,20.53272],[-156.53347,20.53257],[-156.5335,20.53245],[-156.53349,20.53237],[-156.5334,20.53229],[-156.53333,20.53211],[-156.53319,20.53206],[-156.53313,20.53201],[-156.53312,20.53195],[-156.53317,20.53189],[-156.53328,20.53189],[-156.53335,20.53194],[-156.53339,20.53187],[-156.53341,20.53174],[-156.53337,20.53169],[-156.5333,20.53173],[-156.53326,20.53171],[-156.53321,20.53128],[-156.53314,20.53115],[-156.53305,20.53118],[-156.53272,20.52751],[-156.53288,20.52727],[-156.5329,20.52713],[-156.53275,20.52683],[-156.53266,20.52681],[-156.53263,20.52651],[-156.5327,20.52657],[-156.53274,20.52654],[-156.53282,20.52646],[-156.53292,20.52629],[-156.53287,20.52628],[-156.53284,20.52623],[-156.53275,20.52627],[-156.53271,20.52627],[-156.53273,20.52614],[-156.53276,20.52612],[-156.53278,20.52619],[-156.53283,20.52618],[-156.53286,20.52609],[-156.53293,20.52607],[-156.53298,20.52608],[-156.53299,20.52616],[-156.53304,20.52614],[-156.53306,20.52612],[-156.533,20.52604],[-156.533,20.52593],[-156.53296,20.52582],[-156.53304,20.52584],[-156.53321,20.52579],[-156.53313,20.5257],[-156.53448,20.52572],[-156.5345,20.52428],[-156.53463,20.52424],[-156.53473,20.52429],[-156.53477,20.52428],[-156.53479,20.52416],[-156.53491,20.52417],[-156.53492,20.5242],[-156.53509,20.52414],[-156.53517,20.52407],[-156.53515,20.52401],[-156.53519,20.52396],[-156.53538,20.52389],[-156.5354,20.52385],[-156.53534,20.52373],[-156.53835,20.52307],[-156.54003,20.52154],[-156.54008,20.52154],[-156.54016,20.52142],[-156.54135,20.52031],[-156.54151,20.52006],[-156.54163,20.51972],[-156.54156,20.51966],[-156.54155,20.51955],[-156.5415,20.51949],[-156.54147,20.51937],[-156.54162,20.51924],[-156.54156,20.51909],[-156.54166,20.51891],[-156.54166,20.51878],[-156.54161,20.51868],[-156.54141,20.5186],[-156.5414,20.51849],[-156.54133,20.51839],[-156.54132,20.5183],[-156.54135,20.51824],[-156.54131,20.51811],[-156.54134,20.51589],[-156.54159,20.51577],[-156.54175,20.51576],[-156.54194,20.51561],[-156.54265,20.5153],[-156.54281,20.51528],[-156.54283,20.51521],[-156.54304,20.51512],[-156.54333,20.51512],[-156.54337,20.5151],[-156.54333,20.51485],[-156.54379,20.51361],[-156.54392,20.51359],[-156.54396,20.51363],[-156.54402,20.5136],[-156.54404,20.51352],[-156.54415,20.51349],[-156.5442,20.51352],[-156.54437,20.51345],[-156.54442,20.51347],[-156.54439,20.51358],[-156.54444,20.51359],[-156.54455,20.51353],[-156.54459,20.51339],[-156.54453,20.51317],[-156.54455,20.5131],[-156.54443,20.5129],[-156.54431,20.51291],[-156.54427,20.51287],[-156.54443,20.51284],[-156.54446,20.51277],[-156.54449,20.51277],[-156.54455,20.51287],[-156.54468,20.51281],[-156.54468,20.51276],[-156.54463,20.51267],[-156.54453,20.51264],[-156.54448,20.51265],[-156.54446,20.51262],[-156.54447,20.51256],[-156.54452,20.51256],[-156.5445,20.51261],[-156.54452,20.51262],[-156.54456,20.51256],[-156.54457,20.51242],[-156.54453,20.51232],[-156.54559,20.51234],[-156.54576,20.51246],[-156.54603,20.5124],[-156.54608,20.51244],[-156.54611,20.51251],[-156.54624,20.51248],[-156.54628,20.51257],[-156.54636,20.51259],[-156.54633,20.51252],[-156.54636,20.51245],[-156.54666,20.51245],[-156.54672,20.51238],[-156.54667,20.51235],[-156.5469,20.51235],[-156.54693,20.5124],[-156.54698,20.51241],[-156.54705,20.51236],[-156.54775,20.51237],[-156.54778,20.51249],[-156.54792,20.51252],[-156.54802,20.51259],[-156.54805,20.5127],[-156.5481,20.51275],[-156.54815,20.51276],[-156.54816,20.51268],[-156.54821,20.51267],[-156.54823,20.51262],[-156.54868,20.5135],[-156.54864,20.51354],[-156.54875,20.51362],[-156.54908,20.51427],[-156.54908,20.51436],[-156.54915,20.51448],[-156.54914,20.51481],[-156.54924,20.51496],[-156.5496,20.51538],[-156.54965,20.51539],[-156.54997,20.51601],[-156.55194,20.51674],[-156.55197,20.51681],[-156.55215,20.51696],[-156.55217,20.51704],[-156.55228,20.51713],[-156.55251,20.51741],[-156.55266,20.51752],[-156.55282,20.51756],[-156.55293,20.51763],[-156.55315,20.51766],[-156.55322,20.51764],[-156.55337,20.51764],[-156.55333,20.5176],[-156.55336,20.51754],[-156.5535,20.51755],[-156.55352,20.5176],[-156.55359,20.51765],[-156.55369,20.51764],[-156.55381,20.51769],[-156.55398,20.51769],[-156.55403,20.51774],[-156.55425,20.51779],[-156.5544,20.51787],[-156.55461,20.51791],[-156.55478,20.51801],[-156.55492,20.51805],[-156.55512,20.518],[-156.55511,20.51791],[-156.55553,20.51807],[-156.55558,20.51812],[-156.55555,20.51819],[-156.55568,20.51826],[-156.55585,20.51839],[-156.55603,20.51842],[-156.55624,20.5185],[-156.5565,20.51853],[-156.55678,20.51853],[-156.55759,20.51883],[-156.55776,20.51852],[-156.55805,20.51852],[-156.55821,20.51831],[-156.55825,20.51805],[-156.55835,20.5178],[-156.55841,20.51733],[-156.55944,20.51547],[-156.55955,20.51546],[-156.55961,20.51537],[-156.55969,20.51532],[-156.55987,20.51528],[-156.56615,20.51603],[-156.56616,20.51605],[-156.56627,20.51608],[-156.56668,20.51628],[-156.56715,20.5164],[-156.5674,20.51638],[-156.56764,20.51629],[-156.56766,20.51624],[-156.56776,20.51622],[-156.56817,20.51627],[-156.56818,20.51586],[-156.56834,20.51581],[-156.56852,20.5156],[-156.56863,20.51553],[-156.56868,20.51545],[-156.56869,20.51538],[-156.56885,20.51525],[-156.56944,20.51525],[-156.56986,20.5153],[-156.57038,20.51534],[-156.57078,20.51529],[-156.5711,20.51511],[-156.57134,20.5151],[-156.57145,20.51507],[-156.57165,20.51494],[-156.57185,20.51489],[-156.57185,20.51484],[-156.57196,20.51482],[-156.57204,20.51469],[-156.57299,20.51453],[-156.573,20.51393],[-156.57312,20.5139],[-156.57323,20.5138],[-156.57327,20.51372],[-156.57326,20.51359],[-156.57329,20.51356],[-156.57329,20.5135],[-156.57346,20.51332],[-156.57349,20.51312],[-156.57345,20.51301],[-156.5734,20.51297],[-156.57323,20.51289],[-156.57311,20.51288],[-156.57307,20.51277],[-156.57302,20.51273],[-156.57303,20.51229],[-156.57319,20.51223],[-156.57328,20.51224],[-156.57334,20.51214],[-156.57323,20.51215],[-156.5732,20.51209],[-156.57323,20.51201],[-156.57347,20.51183],[-156.575,20.51185],[-156.57533,20.51191],[-156.57549,20.5119],[-156.57563,20.51186],[-156.57879,20.5119],[-156.57962,20.51114],[-156.57979,20.51109],[-156.57997,20.51107],[-156.58014,20.51101],[-156.58028,20.51092],[-156.5805,20.5109],[-156.58095,20.51058],[-156.58103,20.51059],[-156.58124,20.5105],[-156.58124,20.51043],[-156.58138,20.51036],[-156.58153,20.51029],[-156.58193,20.51023],[-156.58187,20.51017],[-156.5821,20.51014],[-156.58361,20.51016],[-156.58436,20.50814],[-156.58449,20.50811],[-156.58457,20.508],[-156.58459,20.50791],[-156.58464,20.50787],[-156.58467,20.50788],[-156.58465,20.50796],[-156.58496,20.508],[-156.58506,20.50796],[-156.58513,20.50785],[-156.5853,20.50787],[-156.5853,20.5078],[-156.58533,20.50779],[-156.58541,20.50781],[-156.58546,20.50787],[-156.58556,20.5079],[-156.58571,20.50785],[-156.58576,20.50778],[-156.58583,20.50777],[-156.58591,20.50781],[-156.58594,20.50785],[-156.58616,20.50789],[-156.58638,20.50797],[-156.58647,20.50809],[-156.58643,20.5081],[-156.58645,20.50816],[-156.58652,20.50821],[-156.58672,20.50824],[-156.58692,20.50834],[-156.58704,20.50851],[-156.58707,20.50836],[-156.58711,20.50836],[-156.58752,20.50895],[-156.58752,20.50899],[-156.58758,20.50904],[-156.5884,20.51023],[-156.59145,20.51172],[-156.59142,20.51187],[-156.59136,20.51197],[-156.59143,20.51199],[-156.59151,20.51213],[-156.59172,20.51222],[-156.59183,20.51231],[-156.59187,20.51228],[-156.59189,20.5123],[-156.59199,20.51254],[-156.59191,20.51267],[-156.59194,20.5128],[-156.59206,20.51289],[-156.59201,20.51297],[-156.59209,20.51301],[-156.59205,20.51307],[-156.59214,20.51308],[-156.59218,20.51316],[-156.59216,20.5148],[-156.59296,20.51557],[-156.59307,20.51582],[-156.59322,20.51637],[-156.59351,20.51681],[-156.59371,20.51703],[-156.59379,20.51707],[-156.59381,20.51705],[-156.5938,20.51697],[-156.59383,20.51695],[-156.59386,20.51697],[-156.59386,20.51704],[-156.59412,20.51727],[-156.5941,20.51732],[-156.59413,20.51735],[-156.59413,20.51741],[-156.59422,20.51751],[-156.59419,20.51765],[-156.59423,20.51776],[-156.59442,20.51785],[-156.59449,20.51792],[-156.59461,20.51796],[-156.59471,20.51817],[-156.59484,20.51829],[-156.59486,20.51839],[-156.59498,20.51848],[-156.59498,20.51855],[-156.59506,20.51857],[-156.59515,20.51869],[-156.59522,20.51869],[-156.59525,20.51892],[-156.59517,20.51901],[-156.59529,20.51909],[-156.59558,20.52055],[-156.5955,20.52061],[-156.59545,20.5207],[-156.59561,20.52072],[-156.5958,20.52169],[-156.59562,20.52176],[-156.59565,20.52193],[-156.5957,20.52198],[-156.59587,20.52202],[-156.59588,20.52207],[-156.59682,20.52253],[-156.59683,20.52267],[-156.59701,20.52274],[-156.59733,20.5231],[-156.59768,20.52342],[-156.59764,20.52366],[-156.59767,20.52368],[-156.59783,20.52362],[-156.59795,20.52362],[-156.59807,20.52373],[-156.5981,20.52383],[-156.59824,20.52385],[-156.5983,20.52391],[-156.59845,20.52395],[-156.59846,20.52399],[-156.59862,20.52397],[-156.59883,20.52401],[-156.59897,20.52399],[-156.59917,20.52412],[-156.59951,20.52418],[-156.59982,20.52393],[-156.59986,20.52376],[-156.59984,20.52367],[-156.59989,20.52357],[-156.60003,20.5235],[-156.60004,20.52339],[-156.60011,20.52331],[-156.60021,20.52326],[-156.60033,20.52304],[-156.6003,20.52284],[-156.6002,20.52272],[-156.60011,20.52256],[-156.6,20.52253],[-156.60006,20.52228],[-156.60014,20.52238],[-156.60005,20.52246],[-156.60012,20.52249],[-156.60016,20.52247],[-156.60033,20.52233],[-156.60046,20.52249],[-156.60056,20.52249],[-156.60062,20.52238],[-156.60057,20.52234],[-156.60057,20.52227],[-156.6007,20.52233],[-156.60094,20.52221],[-156.60142,20.52182],[-156.60143,20.52179],[-156.60137,20.52174],[-156.60109,20.52167],[-156.601,20.52161],[-156.60094,20.52143],[-156.60082,20.52123],[-156.60081,20.52112],[-156.60085,20.52102],[-156.60096,20.52099],[-156.60096,20.52097],[-156.60088,20.52096],[-156.60098,20.52077],[-156.60096,20.52071],[-156.6011,20.52056],[-156.60119,20.5205],[-156.60117,20.52045],[-156.60099,20.52038],[-156.60097,20.52026],[-156.6011,20.52009],[-156.60121,20.52005],[-156.60117,20.51991],[-156.60116,20.51973],[-156.60122,20.51951],[-156.6012,20.51944],[-156.60136,20.51944],[-156.60136,20.51947],[-156.60145,20.5195],[-156.60147,20.51958],[-156.60153,20.51962],[-156.60176,20.5197],[-156.6018,20.51975],[-156.60182,20.51986],[-156.60185,20.51986],[-156.60201,20.5198],[-156.60229,20.51978],[-156.60252,20.5196],[-156.60254,20.51953],[-156.6025,20.51945],[-156.60263,20.51946],[-156.60199,20.5182],[-156.60206,20.51796],[-156.6024,20.51787],[-156.60241,20.51781],[-156.60231,20.51762],[-156.60245,20.51752],[-156.60243,20.51745],[-156.60253,20.51742],[-156.60253,20.51737],[-156.60256,20.51733],[-156.60264,20.51732],[-156.60278,20.51735],[-156.60278,20.51726],[-156.60289,20.51724],[-156.6029,20.51714],[-156.60299,20.51708],[-156.60317,20.51685],[-156.60306,20.51664],[-156.60318,20.51628],[-156.60467,20.51489],[-156.60467,20.51481],[-156.60441,20.51456],[-156.60403,20.51382],[-156.60403,20.51376],[-156.60388,20.51353],[-156.60396,20.5133],[-156.60409,20.51327],[-156.60417,20.51331],[-156.60456,20.5133],[-156.60529,20.51342],[-156.60534,20.51359],[-156.60536,20.51378],[-156.60527,20.51404],[-156.60531,20.51419],[-156.6053,20.51423],[-156.60533,20.51428],[-156.60548,20.51432],[-156.60583,20.51436],[-156.60665,20.5143],[-156.60677,20.51423],[-156.60682,20.51415],[-156.6069,20.51412],[-156.60698,20.51416],[-156.60703,20.51414],[-156.60706,20.514],[-156.60709,20.51398],[-156.6077,20.51388],[-156.60775,20.51384],[-156.60781,20.51387],[-156.60787,20.51387],[-156.60887,20.51404],[-156.60889,20.51422],[-156.60903,20.51451],[-156.60927,20.51456],[-156.60943,20.51453],[-156.6093,20.51468],[-156.60934,20.51481],[-156.60943,20.5149],[-156.60957,20.5149],[-156.60966,20.51502],[-156.60964,20.51535],[-156.6097,20.5154],[-156.6098,20.51541],[-156.60984,20.51548],[-156.60985,20.51567],[-156.60995,20.51571],[-156.61009,20.51613],[-156.61005,20.51614],[-156.61002,20.51621],[-156.61006,20.51643],[-156.61018,20.51651],[-156.61021,20.51661],[-156.61027,20.51664],[-156.61034,20.51685],[-156.6105,20.5167],[-156.61077,20.51672],[-156.61095,20.51666],[-156.61102,20.51661],[-156.6112,20.51637],[-156.61114,20.51632],[-156.61109,20.51617],[-156.61119,20.51614],[-156.61132,20.5163],[-156.61145,20.5162],[-156.61146,20.51615],[-156.6116,20.51606],[-156.61315,20.51657],[-156.61315,20.51664],[-156.61321,20.51672],[-156.61341,20.51681],[-156.61353,20.51681],[-156.61365,20.51673],[-156.61417,20.51691],[-156.61483,20.51571],[-156.61505,20.51565],[-156.61515,20.51556],[-156.61522,20.51543],[-156.61536,20.51527],[-156.61552,20.5152],[-156.6159,20.51511],[-156.61597,20.51511],[-156.61602,20.51513],[-156.61605,20.51521],[-156.61622,20.51528],[-156.61628,20.51535],[-156.61645,20.51545],[-156.6171,20.51522],[-156.61718,20.51513],[-156.61737,20.51511],[-156.61754,20.51506],[-156.61801,20.51477],[-156.61835,20.51473],[-156.61835,20.51478],[-156.61837,20.51478],[-156.61842,20.51476],[-156.61842,20.51472],[-156.61919,20.51463],[-156.61923,20.51465],[-156.61944,20.51466],[-156.61953,20.51464],[-156.61949,20.51459],[-156.61956,20.51458],[-156.6196,20.51461],[-156.61959,20.51464],[-156.61971,20.51468],[-156.61976,20.51466],[-156.61982,20.51468],[-156.61982,20.51465],[-156.61986,20.51465],[-156.61995,20.5147],[-156.62007,20.51468],[-156.62014,20.51472],[-156.62022,20.5147],[-156.62034,20.51473],[-156.62045,20.51472],[-156.62053,20.51467],[-156.62067,20.51466],[-156.62082,20.5147],[-156.62109,20.51458],[-156.62127,20.51454],[-156.62132,20.51457],[-156.62141,20.51456],[-156.62143,20.51453],[-156.62142,20.51436],[-156.62146,20.51435],[-156.62147,20.51441],[-156.62153,20.51446],[-156.62157,20.51441],[-156.62149,20.51435],[-156.62164,20.51433],[-156.62162,20.51438],[-156.62165,20.51442],[-156.62172,20.51442],[-156.62175,20.51437],[-156.62214,20.51412],[-156.62224,20.51404],[-156.62227,20.51398],[-156.62233,20.51397],[-156.62224,20.51375],[-156.62212,20.51361],[-156.62205,20.51347],[-156.622,20.51326],[-156.62196,20.51321],[-156.622,20.51317],[-156.622,20.51309],[-156.62209,20.51295],[-156.6221,20.51288],[-156.62219,20.51288],[-156.6222,20.51281],[-156.62232,20.51282],[-156.62277,20.51271],[-156.62421,20.51307],[-156.62431,20.5132],[-156.62435,20.51345],[-156.62443,20.51355],[-156.62456,20.51361],[-156.6247,20.51356],[-156.62474,20.51361],[-156.62508,20.51353],[-156.62516,20.51348],[-156.62517,20.51331],[-156.62573,20.51345],[-156.62959,20.5117],[-156.63023,20.51054],[-156.63033,20.5105],[-156.63058,20.51058],[-156.63071,20.51067],[-156.63078,20.51066],[-156.63081,20.51064],[-156.63076,20.51057],[-156.63094,20.51048],[-156.63094,20.51043],[-156.63107,20.5104],[-156.63107,20.51025],[-156.63113,20.51025],[-156.63116,20.51033],[-156.63121,20.51033],[-156.63128,20.5103],[-156.63128,20.51027],[-156.63142,20.51017],[-156.63146,20.51011],[-156.63142,20.51003],[-156.63143,20.50992],[-156.63249,20.50993],[-156.6331,20.50883],[-156.63314,20.50886],[-156.63317,20.50885],[-156.63336,20.5087],[-156.63342,20.50871],[-156.63342,20.50869],[-156.63348,20.50866],[-156.63357,20.50869],[-156.6336,20.50867],[-156.63379,20.50867],[-156.63389,20.50862],[-156.63393,20.50857],[-156.63387,20.50848],[-156.63389,20.50846],[-156.63397,20.50849],[-156.6339,20.50836],[-156.63391,20.50823],[-156.63409,20.50822],[-156.63416,20.50803],[-156.6342,20.50814],[-156.63424,20.50815],[-156.63435,20.50811],[-156.63438,20.50805],[-156.63438,20.50798],[-156.63462,20.50801],[-156.63465,20.50795],[-156.63471,20.50794],[-156.63481,20.50787],[-156.63488,20.50788],[-156.63489,20.5077],[-156.63498,20.50766],[-156.63501,20.50768],[-156.63503,20.50779],[-156.63516,20.50782],[-156.63524,20.50775],[-156.63541,20.50772],[-156.63541,20.50764],[-156.63546,20.50759],[-156.63555,20.50756],[-156.63558,20.50758],[-156.63558,20.50767],[-156.63576,20.5077],[-156.63583,20.50776],[-156.63601,20.50768],[-156.63618,20.50769],[-156.63628,20.50766],[-156.6363,20.50762],[-156.6362,20.5076],[-156.63623,20.50749],[-156.63637,20.50753],[-156.63633,20.5076],[-156.63649,20.50759],[-156.63658,20.50754],[-156.63666,20.50759],[-156.63668,20.50754],[-156.63679,20.50748],[-156.63684,20.50739],[-156.63677,20.50723],[-156.63679,20.50716],[-156.63675,20.50717],[-156.63673,20.50714],[-156.63679,20.50702],[-156.63703,20.50694],[-156.63706,20.50695],[-156.63708,20.50692],[-156.63732,20.50684],[-156.63734,20.50686],[-156.63739,20.50682],[-156.63754,20.50677],[-156.63777,20.50675],[-156.63778,20.50669],[-156.63841,20.50647],[-156.63851,20.50649],[-156.63851,20.50663],[-156.63861,20.5067],[-156.63873,20.5067],[-156.63896,20.50663],[-156.63904,20.50654],[-156.63921,20.50652],[-156.63931,20.50641],[-156.6393,20.50637],[-156.63932,20.50636],[-156.63941,20.50638],[-156.63947,20.50636],[-156.63938,20.5063],[-156.63943,20.50625],[-156.63943,20.50618],[-156.63948,20.50611],[-156.63966,20.50611],[-156.63967,20.50605],[-156.64072,20.50569],[-156.64114,20.50599],[-156.64125,20.50602],[-156.64124,20.50595],[-156.64129,20.50594],[-156.6413,20.50603],[-156.64144,20.50607],[-156.64143,20.50594],[-156.64147,20.5059],[-156.64151,20.50606],[-156.64157,20.50612],[-156.64184,20.50614],[-156.6421,20.50622],[-156.64216,20.50631],[-156.64258,20.50655],[-156.64255,20.50667],[-156.6426,20.50677],[-156.64275,20.50683],[-156.6428,20.50684],[-156.64283,20.50677],[-156.64285,20.50681],[-156.64296,20.50683],[-156.64328,20.50711],[-156.6434,20.50715],[-156.64376,20.50741],[-156.64366,20.5076],[-156.6437,20.50774],[-156.64382,20.50779],[-156.64384,20.50787],[-156.64394,20.50792],[-156.6441,20.50794],[-156.64417,20.50801],[-156.6444,20.50812],[-156.64453,20.50813],[-156.64458,20.50828],[-156.64464,20.50833],[-156.64461,20.50837],[-156.64461,20.50859],[-156.64466,20.50867],[-156.64466,20.5087],[-156.64457,20.50873],[-156.64456,20.50877],[-156.64465,20.50886],[-156.6447,20.50887],[-156.64469,20.50898],[-156.64462,20.50904],[-156.64465,20.50914],[-156.6447,20.50916],[-156.64476,20.50926],[-156.64443,20.51068],[-156.64439,20.51079],[-156.64418,20.51111],[-156.64419,20.51127],[-156.64414,20.51148],[-156.64392,20.51168],[-156.64388,20.51184],[-156.64392,20.51208],[-156.64405,20.51236],[-156.64395,20.5128],[-156.64564,20.51282],[-156.64565,20.51301],[-156.64576,20.51322],[-156.64577,20.5134],[-156.64568,20.51361],[-156.64578,20.51363],[-156.64585,20.51371],[-156.64585,20.51384],[-156.64578,20.5139],[-156.64577,20.51407],[-156.64581,20.51425],[-156.64584,20.51427],[-156.64582,20.51553],[-156.64598,20.51553],[-156.64623,20.51575],[-156.64642,20.51586],[-156.64651,20.51586],[-156.64678,20.51579],[-156.6469,20.51567],[-156.64712,20.51555],[-156.64774,20.51556],[-156.64826,20.51462],[-156.64832,20.51456],[-156.64853,20.51449],[-156.64868,20.51453],[-156.64877,20.51458],[-156.64889,20.51459],[-156.64892,20.51454],[-156.64886,20.51443],[-156.64881,20.51419],[-156.64885,20.51396],[-156.6489,20.5139],[-156.64901,20.51389],[-156.64897,20.51377],[-156.64911,20.51364],[-156.64918,20.51363],[-156.64927,20.51356],[-156.64929,20.51344],[-156.64935,20.51337],[-156.64954,20.51334],[-156.64966,20.51336],[-156.64983,20.51333],[-156.64985,20.51322],[-156.6497,20.51312],[-156.64968,20.51306],[-156.64969,20.51302],[-156.64981,20.51292],[-156.64967,20.5129],[-156.64982,20.51251],[-156.64996,20.51239],[-156.65014,20.51235],[-156.65015,20.51229],[-156.65019,20.51225],[-156.65031,20.51222],[-156.65039,20.51223],[-156.65048,20.51214],[-156.65075,20.51211],[-156.65083,20.51205],[-156.65087,20.51194],[-156.65085,20.51182],[-156.65074,20.51175],[-156.65075,20.5117],[-156.65084,20.51167],[-156.65087,20.51162],[-156.6526,20.51111],[-156.65261,20.51072],[-156.65275,20.51063],[-156.65271,20.51055],[-156.6527,20.51044],[-156.65277,20.51046],[-156.65282,20.51043],[-156.65283,20.51037],[-156.65299,20.51016],[-156.65297,20.5101],[-156.65308,20.50998],[-156.65308,20.50985],[-156.65313,20.50979],[-156.6531,20.50975],[-156.65313,20.50961],[-156.65325,20.50938],[-156.65332,20.50936],[-156.65343,20.50923],[-156.6536,20.50921],[-156.65357,20.50903],[-156.65352,20.509],[-156.6535,20.50894],[-156.65368,20.50867],[-156.65407,20.50843],[-156.65409,20.50845],[-156.6542,20.50841],[-156.65425,20.50837],[-156.65423,20.50833],[-156.65553,20.50754],[-156.65574,20.50704],[-156.65575,20.50695],[-156.65581,20.50705],[-156.65586,20.50707],[-156.65598,20.50702],[-156.65607,20.5069],[-156.65607,20.50674],[-156.65595,20.5064],[-156.65618,20.50579],[-156.65626,20.50573],[-156.6563,20.5055],[-156.65644,20.50546],[-156.6565,20.50538],[-156.65663,20.50542],[-156.65668,20.50539],[-156.65673,20.50525],[-156.65682,20.50521],[-156.65697,20.50519],[-156.65703,20.50523],[-156.65696,20.50531],[-156.65709,20.50529],[-156.65719,20.50522],[-156.65738,20.50502],[-156.65743,20.50495],[-156.65743,20.50485],[-156.6594,20.50488],[-156.65941,20.50453],[-156.65966,20.50453],[-156.65981,20.50441],[-156.65999,20.5044],[-156.66007,20.50437],[-156.66003,20.5043],[-156.66005,20.50429],[-156.66132,20.5049],[-156.66152,20.50438],[-156.66159,20.50438],[-156.66176,20.50395],[-156.66197,20.50397],[-156.66198,20.50381],[-156.66212,20.5037],[-156.6623,20.5037],[-156.66239,20.50376],[-156.66244,20.50369],[-156.6625,20.50367],[-156.66258,20.5037],[-156.66276,20.50369],[-156.6628,20.50343],[-156.66278,20.50338],[-156.66272,20.50332],[-156.66245,20.50321],[-156.66242,20.50317],[-156.66247,20.5031],[-156.66221,20.50307],[-156.66205,20.50295],[-156.66216,20.50264],[-156.66231,20.5027],[-156.6624,20.50266],[-156.6624,20.50262],[-156.66234,20.5026],[-156.66232,20.50251],[-156.66229,20.50248],[-156.66225,20.5025],[-156.66222,20.50248],[-156.66225,20.50241],[-156.66243,20.5025],[-156.66253,20.5026],[-156.66296,20.50259],[-156.66312,20.50251],[-156.66313,20.50245],[-156.66299,20.50229],[-156.66297,20.50222],[-156.66403,20.50223],[-156.66436,20.50233],[-156.66452,20.50231],[-156.66456,20.50224],[-156.66711,20.50227],[-156.66726,20.50256],[-156.66722,20.50258],[-156.66729,20.50262],[-156.66804,20.50409],[-156.66996,20.50412],[-156.67288,20.50145],[-156.67301,20.50158],[-156.67295,20.50165],[-156.67311,20.50168],[-156.67316,20.50173],[-156.67315,20.50179],[-156.67307,20.50186],[-156.67304,20.50199],[-156.67305,20.50211],[-156.67308,20.50214],[-156.6732,20.50211],[-156.67316,20.5022],[-156.6732,20.50226],[-156.6732,20.50232],[-156.67315,20.50239],[-156.67316,20.5025],[-156.67337,20.50249],[-156.67347,20.50236],[-156.67353,20.50234],[-156.6736,20.5024],[-156.67367,20.50238],[-156.67364,20.5026],[-156.67366,20.50271],[-156.67369,20.50274],[-156.674,20.5028],[-156.67405,20.50294],[-156.674,20.50306],[-156.67402,20.50311],[-156.67407,20.50314],[-156.67411,20.50312],[-156.67417,20.50304],[-156.67423,20.50305],[-156.67426,20.5032],[-156.6743,20.50322],[-156.67435,20.50321],[-156.67444,20.50308],[-156.67454,20.50306],[-156.67571,20.5042],[-156.67606,20.50412],[-156.67611,20.50418],[-156.67627,20.50424],[-156.67641,20.50425],[-156.67649,20.50414],[-156.6767,20.50414],[-156.67686,20.50408],[-156.67696,20.50428],[-156.67698,20.50426],[-156.67699,20.50413],[-156.67708,20.50409],[-156.67713,20.50409],[-156.67722,20.50416],[-156.67726,20.50416],[-156.67749,20.50411],[-156.67757,20.50405],[-156.67759,20.504],[-156.67771,20.50405],[-156.67775,20.50404],[-156.67777,20.50398],[-156.67776,20.50391],[-156.67796,20.50376],[-156.67805,20.50375],[-156.6781,20.50367],[-156.67893,20.50348],[-156.67911,20.50359],[-156.67922,20.5037],[-156.67935,20.50371],[-156.67945,20.50393],[-156.67952,20.50395],[-156.67959,20.50401],[-156.67958,20.50407],[-156.67963,20.50408],[-156.67966,20.50413],[-156.67962,20.50416],[-156.6796,20.50423],[-156.67968,20.50434],[-156.67997,20.50444],[-156.68007,20.50445],[-156.68016,20.50452],[-156.68016,20.50466],[-156.68013,20.50468],[-156.68006,20.50465],[-156.68004,20.5048],[-156.68014,20.50489],[-156.68035,20.50493],[-156.68038,20.50506],[-156.68082,20.50504],[-156.68079,20.50515],[-156.68082,20.50519],[-156.68088,20.5052],[-156.68094,20.50514],[-156.6811,20.50518],[-156.6812,20.50512],[-156.68122,20.50496],[-156.68145,20.50518],[-156.68133,20.50538],[-156.68129,20.50531],[-156.68125,20.5054],[-156.68109,20.50554],[-156.68097,20.50555],[-156.6808,20.50565],[-156.68076,20.50601],[-156.68061,20.5061],[-156.68055,20.50618],[-156.68065,20.50624],[-156.6808,20.50625],[-156.68083,20.5063],[-156.68046,20.50697],[-156.68295,20.50781],[-156.68294,20.50789],[-156.68287,20.50801],[-156.68302,20.50811],[-156.68312,20.50809],[-156.68324,20.50797],[-156.68329,20.50799],[-156.68191,20.51109],[-156.68156,20.51149],[-156.68154,20.51157],[-156.68157,20.51188],[-156.68134,20.5124],[-156.68184,20.51272],[-156.6819,20.51287],[-156.682,20.51296],[-156.68213,20.513],[-156.68247,20.51324],[-156.68251,20.51334],[-156.68278,20.51381],[-156.68293,20.51399],[-156.68309,20.5141],[-156.6831,20.51421],[-156.68328,20.51422],[-156.68324,20.51425],[-156.68321,20.51439],[-156.68337,20.51465],[-156.68344,20.5147],[-156.68356,20.51469],[-156.68362,20.51465],[-156.68361,20.51473],[-156.68356,20.51478],[-156.68362,20.51488],[-156.68379,20.51504],[-156.68387,20.51505],[-156.68397,20.51516],[-156.68417,20.51517],[-156.68413,20.51529],[-156.68417,20.51538],[-156.68416,20.51605],[-156.68518,20.51633],[-156.68578,20.51676],[-156.68596,20.51683],[-156.6862,20.51684],[-156.6863,20.51682],[-156.68645,20.51672],[-156.68649,20.51675],[-156.68656,20.51672],[-156.68668,20.51676],[-156.68676,20.51675],[-156.68694,20.51684],[-156.68702,20.51682],[-156.68749,20.51695],[-156.68758,20.51708],[-156.68789,20.51724],[-156.68812,20.51725],[-156.68835,20.51735],[-156.68842,20.51735],[-156.68849,20.51731],[-156.68858,20.51738],[-156.68866,20.5175],[-156.68884,20.51756],[-156.68905,20.51759],[-156.68921,20.51754],[-156.6893,20.51757],[-156.6895,20.5175],[-156.68961,20.51753],[-156.68961,20.51769],[-156.68954,20.51775],[-156.68961,20.51794],[-156.68975,20.51807],[-156.69008,20.51823],[-156.69027,20.51822],[-156.69049,20.51812],[-156.69071,20.51815],[-156.69075,20.51814],[-156.69077,20.51802],[-156.69086,20.518],[-156.69094,20.51802],[-156.69097,20.51808],[-156.69123,20.51801],[-156.69125,20.51797],[-156.69168,20.51809],[-156.69155,20.5184],[-156.69163,20.51857],[-156.69174,20.51871],[-156.69185,20.51878],[-156.69192,20.51878],[-156.69231,20.51867],[-156.6925,20.51882],[-156.69259,20.51886],[-156.69266,20.51882],[-156.69269,20.51871],[-156.69282,20.51881],[-156.69277,20.5189],[-156.69293,20.51891],[-156.69295,20.51894],[-156.69294,20.51903],[-156.69297,20.51911],[-156.69296,20.51929],[-156.69327,20.51945],[-156.69332,20.51946],[-156.69351,20.51935],[-156.69365,20.51933],[-156.6938,20.51925],[-156.69387,20.51906],[-156.69396,20.51906],[-156.69409,20.51913],[-156.69412,20.5192],[-156.69428,20.51931],[-156.69433,20.51941],[-156.69439,20.51939],[-156.69419,20.51976],[-156.69415,20.51978],[-156.69406,20.51998],[-156.69395,20.52004],[-156.69391,20.52011],[-156.69394,20.52021],[-156.69367,20.52069],[-156.69404,20.52069],[-156.69418,20.52083],[-156.69436,20.52087],[-156.69441,20.52083],[-156.69447,20.52083],[-156.69447,20.5209],[-156.69439,20.52096],[-156.69439,20.52099],[-156.69445,20.52101],[-156.6946,20.52094],[-156.69478,20.52102],[-156.69497,20.521],[-156.69509,20.52093],[-156.69519,20.52093],[-156.69526,20.52076],[-156.6953,20.52077],[-156.69531,20.52081],[-156.69537,20.52077],[-156.69537,20.52091],[-156.6953,20.52098],[-156.69531,20.521],[-156.69523,20.52097],[-156.69516,20.52119],[-156.69506,20.5213],[-156.69506,20.52135],[-156.69508,20.52138],[-156.69515,20.52142],[-156.69526,20.52138],[-156.69538,20.52138],[-156.69539,20.52141],[-156.69531,20.52148],[-156.69533,20.52151],[-156.69551,20.52159],[-156.69551,20.52161],[-156.69544,20.52162],[-156.69546,20.52174],[-156.69538,20.52177],[-156.69533,20.52185],[-156.69536,20.5219],[-156.69535,20.522],[-156.69539,20.52203],[-156.69541,20.52214],[-156.69557,20.52234],[-156.69556,20.52252],[-156.69588,20.52259],[-156.69591,20.52264],[-156.69601,20.52269],[-156.69623,20.52266],[-156.69665,20.52274],[-156.69672,20.52282],[-156.69683,20.52287],[-156.69701,20.52286],[-156.69706,20.52282],[-156.69832,20.52308],[-156.69835,20.5232],[-156.69844,20.52325],[-156.69863,20.52322],[-156.69875,20.52328],[-156.69858,20.52347],[-156.69864,20.52358],[-156.69872,20.52362],[-156.69897,20.52361],[-156.6992,20.52342],[-156.6992,20.52348],[-156.69911,20.52358],[-156.69922,20.52381],[-156.69935,20.52384],[-156.69943,20.5238],[-156.69979,20.52383],[-156.69989,20.5238],[-156.70016,20.52381],[-156.69936,20.52528],[-156.69953,20.52599],[-156.69947,20.52637],[-156.69948,20.52652],[-156.69957,20.52656],[-156.69967,20.52655],[-156.69972,20.52673],[-156.69961,20.52681],[-156.69957,20.52703],[-156.69947,20.52711],[-156.69945,20.52721],[-156.69948,20.52739],[-156.69951,20.52759],[-156.6996,20.52774],[-156.69961,20.52782],[-156.69973,20.52786],[-156.69984,20.528],[-156.6999,20.52798],[-156.69998,20.52799],[-156.69998,20.52805],[-156.69983,20.52807],[-156.69982,20.52811],[-156.69985,20.52821],[-156.69995,20.52835],[-156.69987,20.5285],[-156.69993,20.52873],[-156.69987,20.52894],[-156.69995,20.52899],[-156.69995,20.52904],[-156.69833,20.52978],[-156.69832,20.53074],[-156.69806,20.5313],[-156.69796,20.53162],[-156.69792,20.53189],[-156.69794,20.53208],[-156.69804,20.53219],[-156.69801,20.53238],[-156.69804,20.5327],[-156.69811,20.53271],[-156.69816,20.53276],[-156.69814,20.53291],[-156.6982,20.53294],[-156.69817,20.53295],[-156.69806,20.53293],[-156.69807,20.53296],[-156.69811,20.53306],[-156.69819,20.53308],[-156.69823,20.53312],[-156.69822,20.53319],[-156.69828,20.53323],[-156.69828,20.53339],[-156.69539,20.53426],[-156.69519,20.5351],[-156.69499,20.53548],[-156.69447,20.53595],[-156.69412,20.53652],[-156.69397,20.53712],[-156.69401,20.53745],[-156.69409,20.53753],[-156.69425,20.53753],[-156.69424,20.53758],[-156.69428,20.53764],[-156.69427,20.53769],[-156.69421,20.53772],[-156.69403,20.53772],[-156.694,20.53774],[-156.69401,20.53778],[-156.69405,20.53779],[-156.69399,20.53795],[-156.694,20.53801],[-156.69411,20.538],[-156.69413,20.53802],[-156.69406,20.53808],[-156.69394,20.53837],[-156.69381,20.53849],[-156.69365,20.53876],[-156.6934,20.5388],[-156.69337,20.53883],[-156.69338,20.53899],[-156.69333,20.53904],[-156.69303,20.53907],[-156.69294,20.53917],[-156.69289,20.53916],[-156.69284,20.53919],[-156.69281,20.53926],[-156.69273,20.5393],[-156.69262,20.53929],[-156.6926,20.53935],[-156.69251,20.53941],[-156.69249,20.53946],[-156.69233,20.53948],[-156.69225,20.53957],[-156.69206,20.53966],[-156.69201,20.53975],[-156.69179,20.53985],[-156.69172,20.53994],[-156.69155,20.54004],[-156.68965,20.5409],[-156.68965,20.54084],[-156.6896,20.54085],[-156.68953,20.54096],[-156.68944,20.541],[-156.68927,20.54091],[-156.6892,20.54081],[-156.68916,20.5409],[-156.68919,20.54099],[-156.68912,20.54104],[-156.68897,20.54102],[-156.68892,20.54123],[-156.68664,20.54227],[-156.68676,20.54263],[-156.68668,20.54266],[-156.68664,20.5427],[-156.68664,20.54276],[-156.68658,20.54278],[-156.68651,20.54295],[-156.68656,20.54301],[-156.68651,20.54308],[-156.68661,20.54302],[-156.68666,20.54303],[-156.68666,20.54309],[-156.6866,20.54312],[-156.68665,20.54314],[-156.68664,20.54316],[-156.68669,20.54322],[-156.6866,20.5432],[-156.6866,20.54324],[-156.68666,20.54334],[-156.6867,20.54358],[-156.68678,20.54358],[-156.68679,20.54363],[-156.68685,20.54361],[-156.6869,20.54364],[-156.68684,20.5437],[-156.68694,20.54399],[-156.687,20.54403],[-156.68699,20.54395],[-156.68704,20.54395],[-156.68704,20.54403],[-156.68718,20.54409],[-156.68727,20.54426],[-156.6873,20.54423],[-156.68737,20.54444],[-156.68728,20.5444],[-156.68727,20.54443],[-156.68733,20.5445],[-156.68732,20.54454],[-156.68724,20.54454],[-156.68716,20.54459],[-156.68708,20.54488],[-156.68703,20.54495],[-156.68697,20.54493],[-156.68696,20.54489],[-156.68689,20.54491],[-156.68684,20.54498],[-156.68564,20.54497],[-156.68368,20.54765],[-156.68268,20.54801],[-156.68263,20.54799],[-156.68261,20.54793],[-156.6825,20.54794],[-156.68222,20.5478],[-156.68211,20.54784],[-156.68208,20.54796],[-156.68205,20.54792],[-156.68192,20.54797],[-156.68181,20.54796],[-156.68171,20.54798],[-156.68155,20.54795],[-156.68156,20.54805],[-156.68146,20.54798],[-156.68137,20.54805],[-156.68128,20.54807],[-156.68117,20.5482],[-156.6811,20.54834],[-156.68115,20.54842],[-156.68114,20.54848],[-156.68104,20.54849],[-156.68101,20.54861],[-156.67886,20.54939],[-156.67885,20.55015],[-156.67876,20.55013],[-156.67861,20.55038],[-156.67857,20.55046],[-156.67855,20.55067],[-156.67848,20.55088],[-156.67849,20.551],[-156.67869,20.55113],[-156.67859,20.55123],[-156.67865,20.55155],[-156.67872,20.55161],[-156.67871,20.55168],[-156.6786,20.55174],[-156.67866,20.5518],[-156.67862,20.55189],[-156.67857,20.5519],[-156.67854,20.55196],[-156.67843,20.55193],[-156.67841,20.55182],[-156.67831,20.55185],[-156.6782,20.55196],[-156.6782,20.55201],[-156.67828,20.55204],[-156.6783,20.55209],[-156.67801,20.55209],[-156.67798,20.55202],[-156.6779,20.55198],[-156.6778,20.552],[-156.67776,20.55208],[-156.6777,20.55208],[-156.67768,20.55204],[-156.67762,20.55204],[-156.67756,20.55199],[-156.67736,20.55206],[-156.67724,20.55203],[-156.67692,20.55174],[-156.67674,20.5517],[-156.67654,20.55173],[-156.67634,20.55186],[-156.67617,20.55189],[-156.67613,20.55193],[-156.67601,20.55193],[-156.67585,20.55199],[-156.67583,20.5521],[-156.67587,20.55225],[-156.67628,20.55228],[-156.6764,20.55233],[-156.67647,20.55241],[-156.67655,20.55241],[-156.67663,20.55248],[-156.67667,20.55255],[-156.67677,20.55262],[-156.67677,20.55266],[-156.67682,20.55277],[-156.67687,20.55281],[-156.67698,20.55284],[-156.67698,20.55288],[-156.6769,20.55289],[-156.6769,20.55295],[-156.6768,20.55305],[-156.67677,20.55311],[-156.67689,20.55314],[-156.67691,20.55322],[-156.677,20.55324],[-156.67694,20.55326],[-156.67695,20.55333],[-156.67691,20.55333],[-156.67695,20.55335],[-156.67693,20.55342],[-156.67697,20.55345],[-156.67695,20.55349],[-156.67699,20.5535],[-156.67705,20.55365],[-156.67719,20.55364],[-156.67724,20.55368],[-156.67724,20.55384],[-156.67728,20.55389],[-156.67735,20.55391],[-156.67743,20.55389],[-156.67752,20.55399],[-156.67764,20.55404],[-156.67771,20.55411],[-156.67764,20.55423],[-156.67759,20.55425],[-156.67763,20.55427],[-156.67717,20.5551],[-156.67716,20.55506],[-156.67712,20.5551],[-156.67702,20.5551],[-156.6769,20.55528],[-156.67693,20.55534],[-156.67691,20.55537],[-156.67661,20.55545],[-156.67653,20.55551],[-156.6765,20.55559],[-156.67656,20.55566],[-156.6765,20.55568],[-156.67652,20.55572],[-156.67448,20.55593],[-156.67418,20.55591],[-156.67387,20.55599],[-156.67386,20.55597],[-156.67394,20.55594],[-156.67392,20.55592],[-156.6737,20.55588],[-156.67349,20.55593],[-156.67339,20.55604],[-156.66917,20.55648],[-156.66865,20.55742],[-156.66853,20.55744],[-156.66843,20.55754],[-156.66844,20.55772],[-156.6682,20.55772],[-156.66814,20.55781],[-156.66818,20.55785],[-156.66817,20.55787],[-156.66812,20.55787],[-156.66805,20.55792],[-156.66802,20.55792],[-156.66799,20.55785],[-156.66796,20.55785],[-156.66794,20.55798],[-156.66783,20.55797],[-156.66782,20.55801],[-156.66777,20.55798],[-156.66771,20.55804],[-156.66773,20.55811],[-156.66767,20.55816],[-156.66765,20.55814],[-156.66766,20.55808],[-156.66761,20.55785],[-156.66743,20.55784],[-156.66727,20.55776],[-156.6669,20.55773],[-156.66667,20.55787],[-156.66663,20.55796],[-156.6634,20.55731],[-156.66243,20.55908],[-156.6624,20.55909],[-156.66229,20.55898],[-156.66217,20.55894],[-156.66213,20.55886],[-156.66201,20.55893],[-156.66195,20.55893],[-156.66191,20.55887],[-156.6619,20.55893],[-156.66185,20.55889],[-156.66178,20.5589],[-156.66174,20.55886],[-156.66157,20.55887],[-156.66155,20.5589],[-156.66137,20.55882],[-156.66121,20.55882],[-156.66108,20.55877],[-156.6608,20.55881],[-156.66058,20.55894],[-156.66047,20.55905],[-156.66047,20.55911],[-156.66042,20.55914],[-156.66043,20.55928],[-156.66027,20.55935],[-156.66,20.55961],[-156.65997,20.5596],[-156.65994,20.55963],[-156.65989,20.55961],[-156.65981,20.55972],[-156.65977,20.55982],[-156.65966,20.55987],[-156.65966,20.55993],[-156.65953,20.55997],[-156.65952,20.56008],[-156.65937,20.56034],[-156.65934,20.56051],[-156.65942,20.56066],[-156.65951,20.56076],[-156.6595,20.56134],[-156.65946,20.56143],[-156.65937,20.56139],[-156.65936,20.56145],[-156.65922,20.56143],[-156.65917,20.56145],[-156.65761,20.55994],[-156.65376,20.56079],[-156.6535,20.56125],[-156.65334,20.56125],[-156.65322,20.56129],[-156.65289,20.56163],[-156.65289,20.56172],[-156.65299,20.56173],[-156.65303,20.56179],[-156.65302,20.56188],[-156.65307,20.56189],[-156.65316,20.56178],[-156.65313,20.56194],[-156.653,20.56199],[-156.6529,20.56217],[-156.65285,20.56211],[-156.65271,20.56205],[-156.65265,20.562],[-156.65245,20.56199],[-156.65241,20.56207],[-156.6525,20.56216],[-156.65246,20.56226],[-156.65235,20.56215],[-156.65229,20.56217],[-156.65214,20.56211],[-156.65211,20.56215],[-156.65207,20.56215],[-156.65186,20.56204],[-156.65187,20.56196],[-156.65179,20.56189],[-156.65172,20.56189],[-156.65166,20.56184],[-156.6514,20.5618],[-156.65111,20.5618],[-156.65091,20.56186],[-156.65085,20.56197],[-156.65079,20.56194],[-156.65068,20.562],[-156.6505,20.56216],[-156.6505,20.56219],[-156.6486,20.56187],[-156.64863,20.56174],[-156.64848,20.56153],[-156.64817,20.56142],[-156.64805,20.56144],[-156.64797,20.56153],[-156.6479,20.56167],[-156.64787,20.56167],[-156.64771,20.56159],[-156.64748,20.56158],[-156.64726,20.56164],[-156.64704,20.5616],[-156.64703,20.56176],[-156.64689,20.56186],[-156.64686,20.56192],[-156.64696,20.56202],[-156.64696,20.56207],[-156.64692,20.56213],[-156.64676,20.56223],[-156.64662,20.56241],[-156.64662,20.56249],[-156.64658,20.56253],[-156.64657,20.56279],[-156.64667,20.56292],[-156.64665,20.56311],[-156.64679,20.56324],[-156.64675,20.56331],[-156.64668,20.56333],[-156.64656,20.5632],[-156.64633,20.56319],[-156.64619,20.56322],[-156.64607,20.56318],[-156.64582,20.56324],[-156.64578,20.56327],[-156.64579,20.56338],[-156.64509,20.56338],[-156.6448,20.56391],[-156.64473,20.56395],[-156.6446,20.56395],[-156.64447,20.56406],[-156.64434,20.5641],[-156.64421,20.56418],[-156.64413,20.56434],[-156.64416,20.56438],[-156.64408,20.56445],[-156.64397,20.5645],[-156.64381,20.56447],[-156.64377,20.56443],[-156.64365,20.56446],[-156.64357,20.56464],[-156.64356,20.5648],[-156.64359,20.56483],[-156.64366,20.56483],[-156.64363,20.56492],[-156.64364,20.56499],[-156.64375,20.56525],[-156.64385,20.56536],[-156.64387,20.56549],[-156.6438,20.56565],[-156.64369,20.56577],[-156.64358,20.56611],[-156.64336,20.5664],[-156.6433,20.56662],[-156.64324,20.56665],[-156.64314,20.56664],[-156.64294,20.56673],[-156.64287,20.5667],[-156.64257,20.56676],[-156.64246,20.56673],[-156.64222,20.56677],[-156.64215,20.56685],[-156.64214,20.56695],[-156.6411,20.56694],[-156.64101,20.56671],[-156.64089,20.5666],[-156.64072,20.56651],[-156.64044,20.56646],[-156.63988,20.56653],[-156.63975,20.56665],[-156.63975,20.56681],[-156.63971,20.56692],[-156.63928,20.56692],[-156.63926,20.56865],[-156.63921,20.56872],[-156.63734,20.5687],[-156.63713,20.56925],[-156.63691,20.56927],[-156.63667,20.56935],[-156.63639,20.56959],[-156.63634,20.56987],[-156.63637,20.56995],[-156.63631,20.57],[-156.6363,20.57021],[-156.63633,20.57026],[-156.63644,20.57028],[-156.63648,20.57031],[-156.63653,20.57046],[-156.63652,20.57053],[-156.63648,20.57061],[-156.6364,20.57059],[-156.63624,20.57064],[-156.63618,20.57077],[-156.63608,20.57079],[-156.63608,20.57083],[-156.63602,20.57086],[-156.63599,20.57096],[-156.63588,20.57108],[-156.63583,20.57122],[-156.6349,20.57092],[-156.63474,20.57068],[-156.63449,20.57067],[-156.63431,20.57058],[-156.63406,20.57064],[-156.63348,20.57045],[-156.63297,20.57136],[-156.63273,20.57144],[-156.63258,20.57154],[-156.63242,20.57177],[-156.63243,20.57194],[-156.63251,20.5722],[-156.63249,20.57224],[-156.63057,20.57221],[-156.63056,20.57311],[-156.6304,20.57326],[-156.63038,20.57332],[-156.63041,20.57363],[-156.63038,20.57369],[-156.63018,20.57373],[-156.63013,20.57385],[-156.63005,20.57389],[-156.62996,20.57388],[-156.6296,20.57401],[-156.62863,20.57399],[-156.62862,20.57451],[-156.62851,20.5746],[-156.62855,20.57463],[-156.6285,20.57476],[-156.62839,20.57483],[-156.62832,20.57495],[-156.6282,20.57503],[-156.62806,20.57521],[-156.62797,20.57549],[-156.62797,20.57557],[-156.62801,20.57564],[-156.62808,20.57568],[-156.62816,20.57568],[-156.62823,20.57579],[-156.62668,20.57577],[-156.62668,20.5761],[-156.62664,20.57614],[-156.62648,20.57653],[-156.62645,20.57684],[-156.62652,20.57697],[-156.62666,20.577],[-156.62666,20.57719],[-156.62649,20.57728],[-156.62646,20.57734],[-156.62661,20.57741],[-156.62654,20.57746],[-156.62653,20.57751],[-156.62633,20.57747],[-156.62617,20.57756],[-156.62611,20.57757],[-156.62601,20.57754],[-156.62593,20.57748],[-156.62587,20.57747],[-156.6258,20.57757],[-156.62576,20.57757],[-156.62567,20.57752],[-156.62563,20.57746],[-156.6255,20.57745],[-156.62539,20.57748],[-156.62529,20.57756],[-156.62378,20.57754],[-156.62374,20.57974],[-156.62364,20.57968],[-156.62357,20.57968],[-156.62353,20.57971],[-156.62349,20.57978],[-156.6236,20.57988],[-156.62347,20.57986],[-156.62335,20.57973],[-156.6231,20.57974],[-156.62301,20.57978],[-156.62296,20.57991],[-156.62291,20.57991],[-156.62289,20.57988],[-156.62256,20.57998],[-156.62231,20.58016],[-156.62197,20.58007],[-156.62192,20.5801],[-156.6218,20.58009],[-156.62165,20.58022],[-156.62086,20.58021],[-156.62084,20.58136],[-156.62076,20.58143],[-156.62072,20.58137],[-156.62061,20.58133],[-156.62049,20.58149],[-156.62035,20.58157],[-156.62031,20.58165],[-156.6202,20.5817],[-156.62018,20.58171],[-156.62012,20.58163],[-156.61996,20.58167],[-156.61992,20.58172],[-156.61986,20.58171],[-156.61967,20.58191],[-156.61967,20.582],[-156.61953,20.58196],[-156.61946,20.5819],[-156.61932,20.58189],[-156.61912,20.58192],[-156.61906,20.58195],[-156.61905,20.58199],[-156.61899,20.58199],[-156.61892,20.58193],[-156.61886,20.58193],[-156.61883,20.58197],[-156.61876,20.58191],[-156.61863,20.58186],[-156.61855,20.58189],[-156.61848,20.58185],[-156.61818,20.58198],[-156.617,20.58196],[-156.61642,20.58301],[-156.6163,20.58301],[-156.61619,20.58297],[-156.61605,20.58297],[-156.61556,20.58327],[-156.6155,20.58333],[-156.61555,20.58342],[-156.61549,20.5835],[-156.61535,20.58348],[-156.61529,20.58344],[-156.61528,20.58348],[-156.61522,20.58348],[-156.61518,20.58353],[-156.61511,20.58348],[-156.61507,20.58348],[-156.61506,20.58352],[-156.61497,20.58351],[-156.61487,20.58355],[-156.61485,20.58361],[-156.61481,20.58358],[-156.61468,20.58365],[-156.61458,20.58371],[-156.61447,20.58385],[-156.61457,20.58392],[-156.61461,20.58406],[-156.6145,20.58409],[-156.61423,20.58404],[-156.61414,20.58406],[-156.61406,20.58418],[-156.61316,20.58438],[-156.61291,20.58428],[-156.61287,20.58432],[-156.61257,20.58436],[-156.61236,20.58445],[-156.61216,20.58458],[-156.61197,20.58465],[-156.61173,20.585],[-156.61119,20.58549],[-156.61122,20.58558],[-156.6112,20.5856],[-156.61111,20.58561],[-156.611,20.58568],[-156.61086,20.58588],[-156.61079,20.58603],[-156.61079,20.58614],[-156.61086,20.58633],[-156.61084,20.5864],[-156.61095,20.58668],[-156.61101,20.5867],[-156.61107,20.58665],[-156.61111,20.58665],[-156.61115,20.58685],[-156.6113,20.58719],[-156.61138,20.58728],[-156.61146,20.58727],[-156.61152,20.58742],[-156.61167,20.58752],[-156.61172,20.58753],[-156.61178,20.58759],[-156.61175,20.58778],[-156.61183,20.58796],[-156.61184,20.58819],[-156.61182,20.58821],[-156.61078,20.5882],[-156.61066,20.58817],[-156.61063,20.58811],[-156.61055,20.5881],[-156.6106,20.58806],[-156.6105,20.58801],[-156.61037,20.5881],[-156.61034,20.58807],[-156.6102,20.58806],[-156.61015,20.58816],[-156.6101,20.58819],[-156.60944,20.58818],[-156.60931,20.58808],[-156.60918,20.58816],[-156.60902,20.58831],[-156.60889,20.58855],[-156.60905,20.58877],[-156.60906,20.58883],[-156.60913,20.58889],[-156.60911,20.58893],[-156.609,20.58897],[-156.60899,20.58901],[-156.60915,20.58908],[-156.60921,20.58922],[-156.6092,20.58998],[-156.60538,20.58903],[-156.60523,20.58957],[-156.60512,20.58961],[-156.60507,20.5899],[-156.60472,20.59006],[-156.60454,20.59005],[-156.6044,20.5902],[-156.60428,20.59025],[-156.60426,20.5904],[-156.60438,20.59056],[-156.60438,20.5906],[-156.60429,20.59068],[-156.60419,20.5907],[-156.60418,20.59104],[-156.6043,20.59125],[-156.60475,20.59126],[-156.60447,20.59225],[-156.60434,20.59239],[-156.60438,20.59244],[-156.60435,20.59248],[-156.60423,20.59252],[-156.60419,20.59257],[-156.604,20.59262],[-156.60053,20.59257],[-156.60031,20.59316],[-156.60007,20.5934],[-156.59995,20.59361],[-156.59998,20.5938],[-156.60006,20.59384],[-156.59982,20.59447],[-156.59977,20.59453],[-156.59977,20.59462],[-156.5997,20.59461],[-156.59953,20.59466],[-156.59946,20.5947],[-156.5994,20.59482],[-156.59918,20.59487],[-156.59897,20.59497],[-156.59894,20.59519],[-156.59889,20.59523],[-156.59877,20.59524],[-156.59849,20.59541],[-156.59376,20.59609],[-156.59374,20.59712],[-156.59367,20.59716],[-156.59358,20.59728],[-156.59337,20.59741],[-156.59329,20.59735],[-156.5932,20.59736],[-156.59295,20.5975],[-156.59284,20.5976],[-156.59283,20.59768],[-156.59275,20.59774],[-156.59245,20.59764],[-156.59227,20.59775],[-156.59211,20.59771],[-156.5919,20.59787],[-156.5899,20.59784],[-156.58889,20.59922],[-156.58883,20.59924],[-156.58871,20.59935],[-156.5886,20.59929],[-156.58855,20.59931],[-156.58847,20.5994],[-156.58838,20.59962],[-156.58833,20.59967],[-156.58829,20.59958],[-156.58826,20.59958],[-156.58817,20.59968],[-156.58807,20.59997],[-156.58808,20.60004],[-156.58814,20.60009],[-156.58815,20.60012],[-156.58804,20.60023],[-156.58802,20.60034],[-156.58793,20.60038],[-156.5878,20.60042],[-156.58776,20.60041],[-156.58776,20.60037],[-156.58763,20.60033],[-156.58744,20.60037],[-156.58734,20.60032],[-156.58703,20.60033],[-156.58676,20.60028],[-156.58637,20.60035],[-156.58633,20.60028],[-156.58627,20.60029],[-156.58617,20.60017],[-156.58592,20.60023],[-156.58572,20.60032],[-156.58563,20.60038],[-156.58558,20.60049],[-156.5841,20.60047],[-156.58211,20.60184],[-156.58193,20.60182],[-156.58162,20.60191],[-156.58136,20.60217],[-156.58133,20.60236],[-156.58121,20.60245],[-156.58089,20.60246],[-156.58087,20.60237],[-156.58084,20.60238],[-156.58078,20.60243],[-156.58075,20.60247],[-156.58078,20.6025],[-156.58066,20.60251],[-156.58062,20.60255],[-156.58057,20.6027],[-156.58049,20.60265],[-156.58037,20.60275],[-156.58036,20.60293],[-156.5803,20.60295],[-156.58027,20.60292],[-156.58017,20.60291],[-156.58014,20.60306],[-156.5801,20.60288],[-156.58003,20.60284],[-156.57986,20.60284],[-156.57984,20.60303],[-156.57964,20.60291],[-156.5796,20.60299],[-156.57955,20.60302],[-156.57954,20.60293],[-156.5795,20.60291],[-156.57943,20.603],[-156.57939,20.60296],[-156.57932,20.60298],[-156.57926,20.60295],[-156.57903,20.60298],[-156.5788,20.60294],[-156.57861,20.60299],[-156.57854,20.60306],[-156.57848,20.60308],[-156.57838,20.60309],[-156.57825,20.60301],[-156.57805,20.60302],[-156.57799,20.60301],[-156.57795,20.60297],[-156.57766,20.60294],[-156.57758,20.60291],[-156.57747,20.60297],[-156.57732,20.60291],[-156.57708,20.60299],[-156.57698,20.60308],[-156.57543,20.60306],[-156.57542,20.6034],[-156.57521,20.60356],[-156.57512,20.60371],[-156.57513,20.60387],[-156.57503,20.60388],[-156.57493,20.60387],[-156.57493,20.60382],[-156.57483,20.60374],[-156.57476,20.60374],[-156.57465,20.60388],[-156.57458,20.60387],[-156.57456,20.60383],[-156.57436,20.60384],[-156.57301,20.6037],[-156.57302,20.6036],[-156.57297,20.6035],[-156.57283,20.60352],[-156.57269,20.60366],[-156.57244,20.60364],[-156.5724,20.60362],[-156.57228,20.60343],[-156.57218,20.60344],[-156.57226,20.60335],[-156.57214,20.60317],[-156.57213,20.60309],[-156.57209,20.60306],[-156.57178,20.60299],[-156.57163,20.60308],[-156.57145,20.60309],[-156.57137,20.60311],[-156.57136,20.60314],[-156.57131,20.60314],[-156.57132,20.60322],[-156.57129,20.60323],[-156.57123,20.60315],[-156.57115,20.60311],[-156.57114,20.60306],[-156.57107,20.60301],[-156.57085,20.60297],[-156.57066,20.60305],[-156.57064,20.60314],[-156.57057,20.60311],[-156.57049,20.60317],[-156.57045,20.60326],[-156.57047,20.60334],[-156.57042,20.60337],[-156.57044,20.60331],[-156.57038,20.60335],[-156.57027,20.60333],[-156.57026,20.60325],[-156.57012,20.60328],[-156.57002,20.60316],[-156.56987,20.60313],[-156.56981,20.60314],[-156.56976,20.60309],[-156.56973,20.60315],[-156.56974,20.60322],[-156.5697,20.60325],[-156.56969,20.60315],[-156.56964,20.60308],[-156.5694,20.60313],[-156.56929,20.60304],[-156.56922,20.60308],[-156.56921,20.60313],[-156.56909,20.60315],[-156.56906,20.60313],[-156.56907,20.60307],[-156.56901,20.603],[-156.5688,20.60306],[-156.56873,20.60316],[-156.56869,20.60316],[-156.56869,20.60323],[-156.56795,20.60315],[-156.5678,20.60304],[-156.56769,20.603],[-156.56765,20.60312],[-156.5674,20.60309],[-156.56742,20.60306],[-156.56749,20.60304],[-156.56747,20.60296],[-156.56735,20.60294],[-156.56729,20.6029],[-156.56714,20.60301],[-156.56712,20.60295],[-156.56707,20.60291],[-156.56703,20.60293],[-156.56705,20.60305],[-156.56701,20.60305],[-156.56697,20.60298],[-156.56681,20.60291],[-156.56669,20.60289],[-156.56662,20.6029],[-156.56658,20.603],[-156.56648,20.60299],[-156.56647,20.60294],[-156.56653,20.60288],[-156.56649,20.6028],[-156.56618,20.60281],[-156.56614,20.60279],[-156.56614,20.60273],[-156.56606,20.60265],[-156.56599,20.60265],[-156.56597,20.60269],[-156.56578,20.60266],[-156.56576,20.60262],[-156.5657,20.60258],[-156.56552,20.60253],[-156.56538,20.60236]]]}},{"type":"Feature","properties":{"km2":0.0},"geometry":{"type":"Polygon","coordinates":[[[-156.52523,20.98102],[-156.52538,20.98102],[-156.52541,20.98092],[-156.52551,20.98088],[-156.52559,20.98078],[-156.52589,20.98066],[-156.526,20.98064],[-156.5262,20.98069],[-156.52627,20.98068],[-156.5263,20.98074],[-156.52632,20.98067],[-156.52636,20.98064],[-156.5264,20.98065],[-156.52643,20.98072],[-156.52631,20.98106],[-156.52615,20.98113],[-156.52602,20.98127],[-156.52594,20.98125],[-156.52586,20.98131],[-156.52578,20.98131],[-156.5257,20.98127],[-156.52569,20.98122],[-156.52564,20.98127],[-156.52559,20.98125],[-156.52539,20.9813],[-156.52533,20.98136],[-156.52531,20.98145],[-156.52523,20.98102]]]}}]}